,step,id,temperature,humidity
0,1,1,26.54969125253005,69.78092647725998
1,1,2,26.57352290907382,69.6545033349955
2,1,3,27.213061695904642,69.59405373139721
3,1,4,26.203087029620498,69.73735731914677
4,1,5,26.83002084194489,69.30836405777248
5,1,6,28.48645792078161,68.78572337194997
6,1,7,26.536406053840338,69.76271082479636
7,1,8,26.808999120091393,69.60371781518768
8,1,9,26.627091683800145,69.56067576906692
9,2,1,25.812944837024187,69.76617909945489
10,2,2,26.077677043873543,69.64985438580312
11,2,3,26.674592140522627,69.62907100821569
12,2,4,25.521567507853824,69.72980390205352
13,2,5,26.2326533012018,69.27410723980934
14,2,6,30.078656685588278,68.67529035567684
15,2,7,26.48454932393718,69.77383526297135
16,2,8,25.792294970282796,69.60870356448076
17,2,9,27.45730709129314,69.55669049391305
18,3,1,28.246214431973353,69.77143322400838
19,3,2,27.236197156150908,69.63080326194225
20,3,3,26.42671711961389,69.60743465440014
21,3,4,26.960898962650145,69.73091762341025
22,3,5,27.040241927711364,69.22558489454568
23,3,6,30.750800789024993,68.51225185952947
24,3,7,27.556079226150022,69.76318797305575
25,3,8,26.52987722264419,69.59570474822893
26,3,9,27.335015543365845,69.53214393376382
27,4,1,27.182528458829648,69.76488751873632
28,4,2,26.992805991646502,69.63038286869882
29,4,3,25.984643649172686,69.61368238274908
30,4,4,27.306979009659244,69.71243001729077
31,4,5,27.535211908623143,69.16500646163585
32,4,6,30.70316039862739,68.5130069819878
33,4,7,26.09730574818408,69.7527967309246
34,4,8,26.562328010413232,69.58359686530474
35,4,9,28.11896882390412,69.53857825558508
36,5,1,26.23391423437694,69.76349912366975
37,5,2,26.219355639788755,69.61007112602975
38,5,3,26.356810023401536,69.61797768224295
39,5,4,26.5139706001168,69.70951877644127
40,5,5,28.540102099389472,69.12352028965299
41,5,6,32.9956211899949,68.4473313324701
42,5,7,26.811312511022606,69.74635644672031
43,5,8,27.16939679277959,69.59462704544029
44,5,9,27.190894775243812,69.51116904417383
45,6,1,27.630073650835747,69.76193643934344
46,6,2,26.884594111898924,69.597004279237
47,6,3,26.842869673553317,69.62548886006057
48,6,4,26.396829508504144,69.69828933544586
49,6,5,27.754757012578086,69.07279893802917
50,6,6,32.878186140210595,68.25316772055551
51,6,7,27.049591723683427,69.74387097022408
52,6,8,26.54875402641583,69.57359194628559
53,6,9,26.32333954403108,69.5124653124193
54,7,1,27.07564770070066,69.76630700597897
55,7,2,26.616017995981807,69.64033254309497
56,7,3,27.205156758688474,69.6189791230157
57,7,4,26.867398647933477,69.69374637707033
58,7,5,29.069425394499522,69.02540023641214
59,7,6,35.791801947592475,68.02997411459306
60,7,7,28.0516387026818,69.73615229200315
61,7,8,27.589307320440483,69.53502544419241
62,7,9,26.162132289596517,69.4990597592235
63,8,1,27.05813162998398,69.75125474155082
64,8,2,26.06798722172226,69.61551007210913
65,8,3,26.486232510613824,69.64697106937794
66,8,4,27.807469115670276,69.68648388254614
67,8,5,28.501139104873413,68.96072316469561
68,8,6,30.59557871333059,68.44181458488751
69,8,7,26.83545046975085,69.73786644165384
70,8,8,27.706259538322307,69.5284295939533
71,8,9,27.08815768431354,69.44104713080101
72,9,1,26.351937645926157,69.75240827484967
73,9,2,27.593686128364354,69.62773974224854
74,9,3,26.613294177983853,69.6301580030394
75,9,4,26.410064295714566,69.67790783203047
76,9,5,28.800069769315108,68.8489402444394
77,9,6,32.05667743556337,68.41986733198358
78,9,7,26.43176181347981,69.72336055457737
79,9,8,27.842752845925023,69.51383983454478
80,9,9,26.92442875612153,69.44287390835481
81,10,1,26.777745339809364,69.74752723483991
82,10,2,27.035033815637235,69.59957845856349
83,10,3,27.304812467724425,69.64888787747455
84,10,4,26.773749282584976,69.66719746871436
85,10,5,30.975124287206405,68.75010158503889
86,10,6,34.24502457750883,68.26927477637634
87,10,7,26.59169187992691,69.74657590860052
88,10,8,26.703191966377414,69.50110625791893
89,10,9,27.36842561783064,69.41851008865352
90,11,1,26.775823566870695,69.7357515779349
91,11,2,25.868075125310117,69.60269256167295
92,11,3,26.95895942590132,69.64255759470572
93,11,4,27.262928228278113,69.68085426811678
94,11,5,30.430916768345963,68.61000758699136
95,11,6,31.44105737718315,68.60848627736473
96,11,7,26.637590498523412,69.72798427098225
97,11,8,26.622885872019324,69.4914535164568
98,11,9,27.355033653873555,69.38212457759208
99,12,1,26.29792108826317,69.73925251443896
100,12,2,26.90330694556293,69.59605969056572
101,12,3,26.779405358300984,69.63218178083343
102,12,4,26.95633394450141,69.69007692701588
103,12,5,30.049419520775135,68.74112066575302
104,12,6,32.81694517066453,68.39941997231566
105,12,7,25.633091779562964,69.74504932136814
106,12,8,27.40586711736657,69.48123733446577
107,12,9,25.998516197226063,69.36971380463713
108,13,1,26.824892283208545,69.75188771796915
109,13,2,27.187814165273643,69.57532768813333
110,13,3,27.485596544016428,69.61483873371924
111,13,4,26.569282365159097,69.71150540394333
112,13,5,28.915926274601947,68.95695614242378
113,13,6,34.95667774037743,68.10501443465182
114,13,7,26.410052107145663,69.72731186368998
115,13,8,27.06164139157257,69.45885913303674
116,13,9,27.30895516619027,69.32959401034236
117,14,1,26.32626147617992,69.74220052995797
118,14,2,26.369796011858625,69.56480199106399
119,14,3,26.98368993167805,69.60798193477798
120,14,4,27.317844140179623,69.68884417350364
121,14,5,29.149307057237813,68.8977986442189
122,14,6,38.45877358490732,67.87023165848807
123,14,7,26.25872822969302,69.73857249692881
124,14,8,27.358005826546293,69.45952814562142
125,14,9,27.99243376015503,69.31068859919141
126,15,1,27.212804994822537,69.73005954542164
127,15,2,27.697627902989645,69.5359281293864
128,15,3,26.491815535299093,69.59097908862482
129,15,4,28.56363919053857,69.68653149073165
130,15,5,28.094982459972034,68.84521792570405
131,15,6,32.44914202253944,68.29323420603703
132,15,7,27.5604910067336,69.72510180061855
133,15,8,27.325613703177993,69.44196297381701
134,15,9,27.319376975199848,69.30308288651356
135,16,1,27.01657236429783,69.73124845438905
136,16,2,26.77104390563295,69.5305054290706
137,16,3,27.76186357149046,69.57036419065682
138,16,4,26.58098289357013,69.66297686460271
139,16,5,29.515495934329497,68.7486144517093
140,16,6,28.08998701869659,69.19713717441802
141,16,7,26.62653306642928,69.72863303896325
142,16,8,27.002089905065922,69.40056468697993
143,16,9,27.220351517713794,69.24833722652878
144,17,1,27.047344513965015,69.72232825777245
145,17,2,26.98197652143531,69.52312985610277
146,17,3,26.718913979194554,69.5694930086091
147,17,4,26.882301230001495,69.68214087744177
148,17,5,30.065675643637515,68.58975537230677
149,17,6,28.181322164318697,69.20007054943653
150,17,7,27.010998572209832,69.69344804523934
151,17,8,27.086809996244696,69.3933206164151
152,17,9,27.60546985343411,69.22454020660943
153,18,1,27.441157286351714,69.71620227545922
154,18,2,28.502406017632097,69.50787321053338
155,18,3,27.303664623135848,69.55641974737965
156,18,4,26.43439825274573,69.66512547257798
157,18,5,31.815309759066043,68.54288936814345
158,18,6,29.23225585429393,69.12923046597146
159,18,7,26.796597532256392,69.69886028322153
160,18,8,27.983112857381865,69.35463666674124
161,18,9,26.906804505701608,69.173092543974
162,19,1,27.495207918634,69.71306777578016
163,19,2,26.925219951663305,69.47966296180326
164,19,3,26.82520322566811,69.52706709503273
165,19,4,26.19261898832293,69.65480423655544
166,19,5,32.733540611051616,68.29073423548478
167,19,6,27.808225062693428,69.09002334631722
168,19,7,27.131792643153197,69.69721983596666
169,19,8,26.982062147216375,69.39631760709241
170,19,9,27.5088226461359,69.16749402400838
171,20,1,26.626496678861237,69.6982029120008
172,20,2,26.81239316605343,69.45880737486361
173,20,3,27.431770867011313,69.5212086863843
174,20,4,26.83174099876092,69.66006412170694
175,20,5,29.861937875306673,68.58561372506233
176,20,6,27.835733982073563,69.02594204182131
177,20,7,26.74070403591825,69.74411674678626
178,20,8,27.854098652516296,69.43498194429793
179,20,9,27.26195588271949,69.09575234638343
180,21,1,26.806310307613302,69.70008719570201
181,21,2,27.195637839036298,69.43675596202131
182,21,3,27.029523690682392,69.49127261155438
183,21,4,28.82411833537235,69.6452553182728
184,21,5,30.89500013360558,68.59850951752098
185,21,6,27.567907581108173,68.97991663250046
186,21,7,27.25124514283703,69.75126483068098
187,21,8,27.452493438681454,69.46057374047233
188,21,9,28.67077713603311,69.04250559228824
189,22,1,26.748307245978665,69.68634176555292
190,22,2,27.01420234513276,69.41049336970542
191,22,3,27.204424996906084,69.4771079118132
192,22,4,26.444686927970928,69.67442189736981
193,22,5,28.688692381518116,68.93069551236708
194,22,6,28.576125408834105,68.88522929339041
195,22,7,28.01468535795639,69.76303058372541
196,22,8,26.813730966595116,69.45180923938065
197,22,9,27.372425705075475,69.15254251152217
198,23,1,27.299468949112423,69.71057671474203
199,23,2,27.48145197313263,69.39664776531964
200,23,3,27.95726078362929,69.4695418190411
201,23,4,26.910583231852662,69.6675617794645
202,23,5,29.224079782869154,68.99555603042772
203,23,6,28.082372640846273,68.91795918190259
204,23,7,26.06021668109566,69.74131947156212
205,23,8,28.684000382042953,69.44314945728783
206,23,9,27.271971363753355,69.20243487080711
207,24,1,27.272449925866027,69.69788315501295
208,24,2,28.085811235462693,69.36388354726581
209,24,3,27.816419662571267,69.4280126148274
210,24,4,27.476787850638612,69.66257253224514
211,24,5,27.654615355790646,69.01516928312016
212,24,6,29.388697516203173,69.08012128481738
213,24,7,27.86642036061953,69.75717219824521
214,24,8,27.524209407320896,69.39733077238466
215,24,9,29.666594833952086,69.1929637568734
216,25,1,27.11990077147493,69.71371383947634
217,25,2,28.10703587072497,69.38927127871192
218,25,3,26.33977072417561,69.41797413774081
219,25,4,27.19587473535659,69.68446665292659
220,25,5,27.576102347781717,69.10906355934918
221,25,6,28.054809425972948,69.03579807178328
222,25,7,27.568418851257697,69.73126829268028
223,25,8,26.694795510211787,69.36168679652921
224,25,9,28.17197604243099,69.15680230024464
225,26,1,26.696624637538765,69.69438492771006
226,26,2,28.393161259561833,69.35768845220949
227,26,3,27.344546824161096,69.38830816154048
228,26,4,27.939010647379256,69.68026896087808
229,26,5,27.61992384724185,69.08117794416245
230,26,6,28.37710905392053,68.96752535000812
231,26,7,26.675590958913332,69.72151528763527
232,26,8,26.612017565440837,69.30706933402172
233,26,9,26.956090479995588,69.14264516200271
234,27,1,26.71455603151464,69.6962948707537
235,27,2,27.52991093697674,69.3047273970877
236,27,3,27.107214660015906,69.33112944455532
237,27,4,27.94809581694455,69.67054624590646
238,27,5,28.192201479486727,69.0221260140383
239,27,6,27.81250276378141,68.86524946394248
240,27,7,26.296003996976143,69.72612603954718
241,27,8,27.752769857318555,69.25241938401375
242,27,9,27.41454318710183,69.10011164384942
243,28,1,26.780630052118518,69.68618111870884
244,28,2,27.59110519447502,69.27333339997291
245,28,3,26.933558006615833,69.31828164953538
246,28,4,27.120970554997967,69.66612804699098
247,28,5,27.317700470666146,69.1526527177019
248,28,6,29.06502419066352,68.87279863567846
249,28,7,26.555959594844353,69.72055164260851
250,28,8,27.869232465693162,69.2018654030014
251,28,9,27.479303782484536,69.07909628638706
252,29,1,27.06564170037668,69.68154991417087
253,29,2,27.596954305719944,69.22379848208776
254,29,3,27.20414731414531,69.26666599375878
255,29,4,27.52026829922459,69.66112123807576
256,29,5,27.565221540742595,69.09800590994485
257,29,6,28.590623427148426,68.79695168479971
258,29,7,27.198000101586498,69.71027365097878
259,29,8,28.019820619131774,69.18199734292902
260,29,9,27.926130753324898,69.04788663712648
261,30,1,26.664715695969736,69.66721985279779
262,30,2,27.52057092392868,69.24354164507012
263,30,3,28.249303548363365,69.25671194259233
264,30,4,26.39410795137171,69.64901219245895
265,30,5,28.64566292618916,69.1314122652507
266,30,6,28.874810292280937,68.63721503892982
267,30,7,26.372948854476714,69.72098049604453
268,30,8,27.9632681551079,69.1329421804385
269,30,9,29.545481707985637,69.01301951869819
270,31,1,26.558724914525556,69.7521612531766
271,31,2,27.02732038044949,69.48470640872651
272,31,3,28.128902343944464,69.22411060249897
273,31,4,26.714577885809664,69.75390814871594
274,31,5,27.540269342554414,69.47885732594975
275,31,6,30.735615157355557,68.41065898027891
276,31,7,27.18476799034876,69.72700210534452
277,31,8,26.901834602227947,69.12570807088328
278,31,9,28.02996217029246,68.93433846480684
279,32,1,26.671116706249748,69.74346716849246
280,32,2,27.80894805174433,69.47523328752288
281,32,3,27.170463107654545,69.18216640549971
282,32,4,26.647788616554887,69.72757304805697
283,32,5,27.807299958750306,69.48453067774231
284,32,6,33.016481265452725,68.28602652286874
285,32,7,26.452651657145534,69.7112483056107
286,32,8,28.65823386994415,69.14994401445244
287,32,9,29.136604518927744,68.81755524907302
288,33,1,26.6057130326967,69.72985379350213
289,33,2,27.48153829067865,69.4247125678841
290,33,3,27.69322604703263,69.13848428326675
291,33,4,26.567536756899912,69.74664513497036
292,33,5,28.580207549844005,69.46807009887283
293,33,6,33.72580903042353,68.09894854308976
294,33,7,27.372076253334694,69.69284578704159
295,33,8,28.708500195148414,69.06580912962438
296,33,9,29.810032218681677,68.72111503407
297,34,1,27.275865807988207,69.74801902388148
298,34,2,26.6175378186139,69.44052801542946
299,34,3,28.590772089288205,69.08253835336053
300,34,4,27.121389680691433,69.72517368871425
301,34,5,27.195131405374187,69.4317481655574
302,34,6,35.564349748466626,67.9178420021336
303,34,7,26.76276705893157,69.68401956603809
304,34,8,28.675064440093987,69.00251853509215
305,34,9,27.709953443663583,69.09102682697824
306,35,1,26.321766609243976,69.72361653755661
307,35,2,26.91839030432513,69.4125646885657
308,35,3,28.855938234608637,69.01984775196377
309,35,4,26.66988097464224,69.73351287925178
310,35,5,27.83135535925332,69.41394110887585
311,35,6,41.57033451780652,67.737161942842
312,35,7,26.48486822401402,69.706877871011
313,35,8,26.924281483352434,68.96788185653038
314,35,9,27.830213699594875,69.2261385529982
315,36,1,26.251248349090048,69.728549870433
316,36,2,26.750538997421465,69.40468617597573
317,36,3,28.59871671408087,68.91555437870487
318,36,4,26.476825525546364,69.721845553269
319,36,5,27.947635192178616,69.41734304419111
320,36,6,32.07684363726065,68.3809589066467
321,36,7,27.04856075402337,69.68206440688701
322,36,8,29.303378598542203,68.8585770984593
323,36,9,27.584505943192593,69.23541796329864
324,37,1,26.78057460250377,69.74620004297952
325,37,2,27.743732672652214,69.38009800961933
326,37,3,29.430324836176524,68.81480802838267
327,37,4,26.71959082714619,69.72947785888555
328,37,5,26.93187904172894,69.39005959996567
329,37,6,33.23839128617244,68.35412529619217
330,37,7,27.426152363025317,69.67773328845489
331,37,8,28.979083837747556,68.70779725065383
332,37,9,26.993608449864475,69.26102088987055
333,38,1,26.59389340630465,69.74387882408378
334,38,2,27.64131151510247,69.38489959575857
335,38,3,30.52204371598885,68.70564271558061
336,38,4,27.123115018054207,69.71651676028183
337,38,5,28.944027916357655,69.36341661937304
338,38,6,35.68225529620343,68.10463690523886
339,38,7,26.6418669302595,69.66056313242036
340,38,8,31.08020935095761,68.54548426825079
341,38,9,27.750146685266937,69.35797632416828
342,39,1,26.707640094905575,69.73981829684814
343,39,2,27.185574940313057,69.32117372559807
344,39,3,31.245625441097246,68.508885237752
345,39,4,27.541746295827124,69.7093880095778
346,39,5,27.30870080150282,69.34462451601026
347,39,6,33.295407370064446,68.1330237203618
348,39,7,27.859656020680305,69.65037311830764
349,39,8,32.715645855720425,68.32818926399919
350,39,9,27.042289627069778,69.33385176189275
351,40,1,26.126247106002936,69.71589177248072
352,40,2,26.918586767135835,69.29406546319534
353,40,3,34.487479427132946,68.37622728718023
354,40,4,26.856619166859435,69.69235443464827
355,40,5,27.573801891536572,69.42982265169374
356,40,6,36.672299593274886,67.8407569319639
357,40,7,26.724359412786722,69.65506110302354
358,40,8,33.91938790115063,68.11468124420196
359,40,9,26.424117628897687,69.38199372643489
360,41,1,27.47945283081814,69.70728214883881
361,41,2,27.346708476981014,69.24514950498867
362,41,3,33.22380436293714,68.14673923163083
363,41,4,26.624885948411045,69.69931179961775
364,41,5,26.838637148789964,69.39705042187654
365,41,6,42.953128244291385,67.4066284810931
366,41,7,27.9723963440738,69.65031254727444
367,41,8,37.55176355874923,67.83732542025102
368,41,9,27.06526340231768,69.36235834788984
369,42,1,27.678106085538555,69.7188963361587
370,42,2,27.38972839351933,69.24002740435404
371,42,3,38.852372771062164,67.75304704585984
372,42,4,27.148050666263625,69.70410152233683
373,42,5,27.56104584606051,69.35233468690366
374,42,6,27.919545693262066,68.8459796941053
375,42,7,27.523096325786398,69.62908095607712
376,42,8,42.01305436545647,67.50066901868063
377,42,9,28.90829641286578,69.41084355708625
378,43,1,27.309580631022286,69.71584002397998
379,43,2,27.57110826552268,69.22152570136359
380,43,3,46.797813487781475,67.19115865280153
381,43,4,27.403215814023127,69.6918810230523
382,43,5,27.809144529276864,69.31201166683616
383,43,6,28.496251782289182,68.72388898004576
384,43,7,27.233415778193482,69.63822250053987
385,43,8,41.131319956483324,67.71480728647076
386,43,9,27.643073215928776,69.46120557471622
387,44,1,27.560307828121715,69.70187184601181
388,44,2,27.700545136471497,69.15853422136102
389,44,3,51.13277199334584,66.85429040109963
390,44,4,27.204191609349458,69.68488271722343
391,44,5,27.525751687873875,69.29549564917629
392,44,6,30.436729409114932,68.61720946016476
393,44,7,27.430680372562744,69.62276240211396
394,44,8,45.86494340057909,67.29231275096718
395,44,9,28.260620168401726,69.4612978179026
396,45,1,26.146535798623198,69.69537964337282
397,45,2,27.5566362317673,69.12270373342984
398,45,3,63.49791238603717,66.15826491717998
399,45,4,26.691184270414865,69.6896874215907
400,45,5,28.25118363372108,69.25901533158715
401,45,6,32.07711581219677,68.42772965694427
402,45,7,26.894532668335874,69.6233506997833
403,45,8,51.0796392998586,66.85544302970123
404,45,9,27.485198059651474,69.51585519767072
405,46,1,26.634514071380092,69.71538143496502
406,46,2,28.43188146758418,69.04274907189878
407,46,3,133.93890449467568,63.761597371210634
408,46,4,27.978511510481614,69.66005072678767
409,46,5,27.880104493031542,69.20914468992527
410,46,6,32.877972987486636,68.15545580081964
411,46,7,27.145337725848336,69.59919117774479
412,46,8,67.44022325661479,66.05993593524992
413,46,9,28.62016529801876,69.51008851845343
414,47,1,26.90544734813721,69.68702662270998
415,47,2,29.173322772754787,68.9682194609072
416,47,3,192.2499040709671,62.33847230166227
417,47,4,27.13913816146291,69.65047679415795
418,47,5,27.55779882678629,69.21991236836915
419,47,6,37.07666188709477,67.88822595355309
420,47,7,26.767779595398455,69.60341018831555
421,47,8,41.91116309391349,67.4583240401247
422,47,9,26.74274221057491,69.5221199112751
423,48,1,27.486464919277143,69.69266222972382
424,48,2,28.80440706442388,68.91921057125927
425,48,3,534.3597577188478,57.195762636854134
426,48,4,27.20730352924717,69.65726529484616
427,48,5,27.934086943372233,69.14187027709534
428,48,6,37.30669275085998,67.77878761048305
429,48,7,27.156580412030493,69.59273318528075
430,48,8,40.95337296996579,67.57219663877693
431,48,9,27.12981420647407,69.506781271115
432,49,1,27.439139759929695,69.68606088674625
433,49,2,27.885788323577927,68.904495489906
434,49,3,192.22547832647066,62.361628274804794
435,49,4,27.684118774373374,69.65059776317081
436,49,5,27.470178022026783,69.1180038682632
437,49,6,46.407319303058614,67.16785048533036
438,49,7,26.97453379914965,69.59275308833462
439,49,8,35.38106125710407,67.97549010282295
440,49,9,27.594278569522853,69.5046406747761
441,50,1,26.562432918141717,69.68858087400383
442,50,2,29.32870239376209,68.8495914906719
443,50,3,888.69909400638,53.833584950870744
444,50,4,27.22343757320839,69.63716587603386
445,50,5,27.8922886364949,69.4093813480771
446,50,6,41.99316049625092,67.38841385613696
447,50,7,27.200579979651746,69.5660395996968
448,50,8,36.13226935355233,67.83743351513095
449,50,9,27.174498671493712,69.52940255690078
450,51,1,27.40067135964705,69.67379757218734
451,51,2,28.555617212536962,68.81748436795031
452,51,3,57.047794212909196,66.51464033911586
453,51,4,27.638956494294042,69.63544174426916
454,51,5,27.174225919671027,69.40134651451633
455,51,6,44.665533766391945,67.2977938321235
456,51,7,27.556095419116463,69.5600618894994
457,51,8,41.04096736903964,67.43829552994752
458,51,9,27.712868161000824,69.49821961997078
459,52,1,27.194721893645823,69.64837076339249
460,52,2,28.202059042639494,68.9659666561695
461,52,3,46.919526404794844,67.08332790872072
462,52,4,26.992336261361164,69.62839727218095
463,52,5,27.825382117482974,69.40232626560798
464,52,6,54.378444165823005,66.74927675495141
465,52,7,27.142388608652475,69.54776501109254
466,52,8,36.63995100681237,67.75014510361571
467,52,9,26.84927829376023,69.53698958039827
468,53,1,28.83767655208959,69.67942829915403
469,53,2,28.795147388047106,69.01663666449979
470,53,3,62.42084384078898,66.32502310784567
471,53,4,26.385608618620708,69.61383791844604
472,53,5,28.285863519403282,69.38786825143819
473,53,6,68.89481122881273,65.95737259648206
474,53,7,26.828236922813687,69.52528043531109
475,53,8,43.18365741757978,67.35856221484781
476,53,9,27.80740687165389,69.54163139228002
477,54,1,27.589881740060964,69.65772661396493
478,54,2,27.728818789820167,68.96489305998496
479,54,3,42.975324585693755,67.30823279805178
480,54,4,26.89230547576152,69.60117140257336
481,54,5,26.997000528430764,69.35976270793815
482,54,6,155.56097995258796,63.247789045380195
483,54,7,27.439461286830287,69.51151077059113
484,54,8,58.33813755404048,66.45796756482223
485,54,9,27.680644349797554,69.54816767002572
486,55,1,27.38542755350285,69.65734242673281
487,55,2,28.74751422398643,68.94651467022676
488,55,3,51.99290645498276,66.7897770616933
489,55,4,27.365742587518717,69.59531524953434
490,55,5,26.979198560359137,69.32189189891028
491,55,6,46.21350157242068,67.12494086631226
492,55,7,27.241191366130238,69.5143547767359
493,55,8,104.65216545399934,64.63450367777132
494,55,9,27.206301045861863,69.51917091651265
495,56,1,26.509925340921395,69.65258671957004
496,56,2,29.804195194740934,68.97567888834723
497,56,3,43.94225026702689,67.42998135134059
498,56,4,27.907813852974773,69.59495978273412
499,56,5,28.476723007370076,69.288204205133
500,56,6,53.27560918419884,66.74664059883501
501,56,7,28.155141364564454,69.48067753245273
502,56,8,320.9760201180008,60.02019852031243
503,56,9,27.842245848028877,69.4843338735937
504,57,1,27.307894608402826,69.6460338469734
505,57,2,28.39228970433576,69.0446790951062
506,57,3,42.68872914158165,67.40669453713753
507,57,4,28.08166526220021,69.58902695204026
508,57,5,28.093101465462176,69.24555018414416
509,57,6,44.7384925625434,67.31850941546105
510,57,7,27.320456215360814,69.4618901763706
511,57,8,5581.84716037152,35.93466691712144
512,57,9,27.451974730073047,69.4632743569345
513,58,1,27.323112817710715,69.62315931032074
514,58,2,28.827307129737157,69.0044915603105
515,58,3,36.67978827863321,67.803590576868
516,58,4,26.75321642967157,69.5735963598502
517,58,5,27.57787151263791,69.2125909351658
518,58,6,42.443297224384416,67.46085254281967
519,58,7,26.718165923454542,69.44847315233368
520,58,8,361.6190337505219,59.42485858974578
521,58,9,27.1676092713579,69.46098700394211
522,59,1,27.24395849449032,69.62124126567896
523,59,2,29.516145424957028,68.93163563741854
524,59,3,41.901141762008415,67.48917445962665
525,59,4,27.85536105460681,69.5665830859602
526,59,5,26.910333469488354,69.16641060483806
527,59,6,31.172421505115064,68.54401276515456
528,59,7,27.693038299775296,69.43143933273137
529,59,8,1045.3924265284368,52.6000151489048
530,59,9,27.180036435800826,69.54484000736635
531,60,1,27.59738910571357,69.61943905712039
532,60,2,29.042826578682224,68.8377146708556
533,60,3,46.891694605935434,67.19818669768647
534,60,4,27.733324937896466,69.58322550805623
535,60,5,29.716432237162607,69.10941168902134
536,60,6,29.279293649523296,68.74379871857555
537,60,7,27.734484275288622,69.42393761285955
538,60,8,198.30794817803124,62.24087139681631
539,60,9,27.616483290079668,69.54218839629615
540,61,1,27.775197767247562,69.623471492743
541,61,2,29.898980260442606,68.73042241255752
542,61,3,66.3414658433134,66.1530683078646
543,61,4,27.210484171253437,69.56817795593471
544,61,5,27.616688041836507,69.03679965508138
545,61,6,29.660975927120763,68.63646282008472
546,61,7,27.558784203393035,69.3837700237973
547,61,8,152.30816329492012,63.245119172997285
548,61,9,27.458395800288024,69.52078825499369
549,62,1,27.177091877566774,69.62911726234503
550,62,2,28.916195642852475,68.66641350572674
551,62,3,118.68297552915587,64.1976374130959
552,62,4,27.00743056574028,69.53016989789118
553,62,5,27.86390719053156,68.99507385920197
554,62,6,29.24697493411591,68.76099294794459
555,62,7,27.195253091485892,69.35915369543815
556,62,8,97.13506988834179,64.84999453188023
557,62,9,27.3786491123265,69.50214743164612
558,63,1,27.1618108052958,69.62764594292643
559,63,2,30.22091300205934,68.49794179469556
560,63,3,306.45037257654064,60.24551612014466
561,63,4,27.05949312615001,69.5130939595978
562,63,5,28.599034665257857,68.94164980738175
563,63,6,30.889807338683017,68.67825483713094
564,63,7,27.468004114769595,69.34218729008933
565,63,8,76.80676264389224,65.59218712942253
566,63,9,27.11917575916858,69.49012234645728
567,64,1,28.385673461263796,69.60791110899649
568,64,2,32.57093782672533,68.31264840612705
569,64,3,111.46509339746711,64.42783599036682
570,64,4,27.195239416719975,69.50216496978291
571,64,5,28.4967328616809,68.85088555054345
572,64,6,30.10609428157652,68.56165456851217
573,64,7,27.81395531590415,69.28992183414475
574,64,8,52.08518204497432,66.86519112414247
575,64,9,28.59869348587748,69.46329860192618
576,65,1,27.468817643230423,69.61319078939832
577,65,2,35.01178950072915,68.12255813418467
578,65,3,28.297018224548758,68.8858547914928
579,65,4,27.583779485998832,69.47542966057566
580,65,5,29.22670937325955,68.94052200542689
581,65,6,31.54152162147978,68.58879770909084
582,65,7,28.10478711046908,69.29877615480389
583,65,8,35.65629726857987,67.99095470523007
584,65,9,27.954961513977153,69.43740552949528
585,66,1,27.981716104004974,69.60103889918284
586,66,2,34.3224724720605,67.86256871863368
587,66,3,29.00415376415851,68.89051967600389
588,66,4,28.210487291971447,69.473313996818
589,66,5,27.489371095629263,69.0394835975911
590,66,6,30.05243581831248,68.80413268899414
591,66,7,27.82091124010268,69.28815501313
592,66,8,33.48062815742139,68.24632035594315
593,66,9,28.057357648387892,69.40334576910422
594,67,1,27.538619948916676,69.56937036506105
595,67,2,44.45276103308446,67.30641293145989
596,67,3,30.44350120520229,68.77813500834439
597,67,4,26.929943354026033,69.47685051983566
598,67,5,27.929640948229533,69.26327267149061
599,67,6,29.866605712296554,68.71408081097964
600,67,7,27.767635174725182,69.22688696536285
601,67,8,31.426189768327422,68.51555020394808
602,67,9,28.162138006875917,69.38891936588249
603,68,1,27.688735707545874,69.56793510496736
604,68,2,60.05412152840408,66.46166975577493
605,68,3,29.521284217393582,68.87397860127032
606,68,4,27.543804995239384,69.46261650340823
607,68,5,27.740890566726375,69.27346367707055
608,68,6,29.893975833955245,68.49615312436012
609,68,7,27.649126022997947,69.16111236578148
610,68,8,33.25348491190063,68.31515678569686
611,68,9,27.296451049046333,69.36195323140046
612,69,1,27.684563165163414,69.56012565868897
613,69,2,55.665165155638086,66.63834305782288
614,69,3,31.155546938235126,68.7409142472773
615,69,4,28.25097206951077,69.46777922794101
616,69,5,27.561778787520094,69.35197476962313
617,69,6,31.587593356859287,68.42735926202688
618,69,7,27.465278991438485,69.14343948739452
619,69,8,28.751273981414545,68.74511169189371
620,69,9,27.299827735951123,69.33039355555509
621,70,1,27.45391788529049,69.53825802571592
622,70,2,60.146287178379104,66.44034313461968
623,70,3,27.399484385980386,69.09599062179538
624,70,4,27.614548792362662,69.42147108950184
625,70,5,27.242509958275473,69.36927321985887
626,70,6,33.26320933512324,68.25706373589864
627,70,7,27.975808675140257,69.27572381203436
628,70,8,30.537549163503485,68.73346679442261
629,70,9,27.629120891206643,69.28871520703684
630,71,1,27.639242322938117,69.51729040455943
631,71,2,54.20224353359848,66.64463919999073
632,71,3,27.68767175672746,69.0670336522369
633,71,4,26.906159113547254,69.45316263770418
634,71,5,27.578869520825336,69.36439826561133
635,71,6,31.10047163110608,68.35317186968292
636,71,7,27.36331813941415,69.22051642636657
637,71,8,28.480336377246488,68.74347474319352
638,71,9,27.250627984697875,69.2733053522267
639,72,1,27.279789224240133,69.50730218325953
640,72,2,85.55553920375601,65.29790831518508
641,72,3,27.957552215585416,69.01992648090553
642,72,4,27.355215999169683,69.39778906382705
643,72,5,27.607246970949703,69.36102718305969
644,72,6,30.79937232196736,68.49054565897438
645,72,7,27.249790723081503,69.17419191189178
646,72,8,29.10553624842899,68.82829453314625
647,72,9,27.55633097089159,69.25712930319736
648,73,1,27.99077567913814,69.48446068611499
649,73,2,197.10245150526447,62.231332019662055
650,73,3,27.52312481378904,69.00745739789284
651,73,4,27.594231032366363,69.37872849622518
652,73,5,27.485233459643688,69.35263401133874
653,73,6,30.91271476494245,68.60920309098384
654,73,7,28.11071938816512,69.15981521747113
655,73,8,29.001656105857307,68.91876655521484
656,73,9,28.04158533948297,69.1885802176046
657,74,1,27.817110263927916,69.44776853194712
658,74,2,1046.5435490180464,52.60763462323014
659,74,3,27.23027139187144,68.97457217813103
660,74,4,28.089851804333232,69.46157610680908
661,74,5,28.52123343926205,69.3530487355833
662,74,6,31.267369855469372,68.44931738285815
663,74,7,28.326801398502052,69.1347091122218
664,74,8,29.678856041800856,68.84354778960909
665,74,9,27.768398667601634,69.16920550832062
666,75,1,28.770147162242647,69.44673977838542
667,75,2,136.0162620263084,63.68876372972999
668,75,3,27.99319960492253,69.02691110140313
669,75,4,27.238256479393133,69.44737601432061
670,75,5,28.218486686626104,69.30103138570405
671,75,6,32.29584566811198,68.28136776888296
672,75,7,28.822605973476474,69.03317062149368
673,75,8,27.141485404396747,69.31615762609411
674,75,9,28.5061007172116,69.09311094684958
675,76,1,27.721629728428848,69.44709058905153
676,76,2,153.66683665033807,63.23425766070649
677,76,3,27.41661611560339,69.05729751300902
678,76,4,28.497686762034483,69.46782311637128
679,76,5,27.080102565902976,69.27503956207883
680,76,6,35.63847913030838,68.04188184645282
681,76,7,27.570767529447686,69.05153017391397
682,76,8,27.425756251105287,69.27933350869128
683,76,9,28.588047440137643,69.15421017471829
684,77,1,27.295726739336352,69.43698357697387
685,77,2,44.994139893529265,67.27146898667051
686,77,3,28.63221914519632,69.0802589947581
687,77,4,28.27473708826507,69.43731328114242
688,77,5,26.90636355862649,69.24081295579792
689,77,6,29.232695864342173,68.86523521794194
690,77,7,28.09857499613905,68.97262964706533
691,77,8,27.88718801387559,69.32919986217686
692,77,9,28.401445752170787,69.0791297745237
693,78,1,26.85101082453668,69.41447168102252
694,78,2,53.622048205601516,66.76301036822368
695,78,3,27.89288313831011,68.96470875488473
696,78,4,27.111675912613148,69.51802823827839
697,78,5,27.27512579411503,69.188604857452
698,78,6,28.479450676606294,68.94655189635661
699,78,7,29.40759374952721,68.89905859279125
700,78,8,28.11820464914731,69.31600199325311
701,78,9,27.64517613314862,69.06233406987782
702,79,1,28.236065119640276,69.38369993760608
703,79,2,60.62389401501429,66.37612279426644
704,79,3,27.62077475446626,68.90347404811872
705,79,4,27.77977176869535,69.5025093819789
706,79,5,27.64007123399078,69.15661249734818
707,79,6,28.61836863640737,69.14055342684817
708,79,7,30.042742001327156,68.75381104518037
709,79,8,28.367250806229137,69.28333502828652
710,79,9,28.74193930219863,68.97959728818296
711,80,1,27.746739885427523,69.35344738675454
712,80,2,111.91222483657113,64.37016690266323
713,80,3,27.70419514799592,68.84222244488498
714,80,4,26.89391509605578,69.49513944717846
715,80,5,27.38650541566668,69.11148060077515
716,80,6,27.41998672928677,69.16404094455686
717,80,7,31.218424752189517,68.57905533711103
718,80,8,28.422341482484466,69.22713900827237
719,80,9,28.794836184446655,68.91820674006904
720,81,1,27.433745320014356,69.3092951644095
721,81,2,42.72077938492279,67.36539373864464
722,81,3,28.75616273772298,68.79983253289599
723,81,4,27.499133920972092,69.4665415080577
724,81,5,27.976373718485988,69.0858691472212
725,81,6,28.249259553195067,69.17345042162283
726,81,7,31.923592041801502,68.36107586706643
727,81,8,27.610644084517023,69.18626755796028
728,81,9,29.380946194243013,68.9208477364195
729,82,1,27.981167812463163,69.27656308797316
730,82,2,41.31751320572082,67.58209893928843
731,82,3,28.09819163688682,68.89561534360111
732,82,4,28.018421209412587,69.4552801986188
733,82,5,27.71782801495656,69.01418104422935
734,82,6,28.167673633253344,69.28483119966035
735,82,7,33.64864016591649,68.18878641602345
736,82,8,27.92314122047524,69.14023475060829
737,82,9,29.468520864026903,68.78830278078271
738,83,1,27.28440844454885,69.23104951290001
739,83,2,50.25708240151244,66.89271228514475
740,83,3,27.67379918627895,68.91659526714874
741,83,4,27.089129409322833,69.4074325578212
742,83,5,29.526214452732248,68.94511237592371
743,83,6,27.538744538727148,69.35255340521657
744,83,7,38.71568184473221,67.82128572157625
745,83,8,28.340275196441926,69.08006251723246
746,83,9,30.55412011289208,68.72226978973792
747,84,1,28.828694721692806,69.17103271542078
748,84,2,53.314327258686816,66.82447410363795
749,84,3,28.224660402862664,68.811276686885
750,84,4,27.165421402747373,69.3812209939292
751,84,5,27.956718448358867,68.85139142285308
752,84,6,27.055993046924318,69.34259877624206
753,84,7,35.625257128859985,67.91006974287201
754,84,8,28.59619417272843,69.01396731791752
755,84,9,30.432305960133508,68.60369363477803
756,85,1,28.658478452234498,69.13023653224008
757,85,2,50.409100586711105,66.88043421060988
758,85,3,30.415670562109305,68.69503497485624
759,85,4,28.14729700948278,69.34521931720138
760,85,5,30.888834359068813,68.72791887270233
761,85,6,27.713399547040776,69.36927421539706
762,85,7,37.996006436370095,67.67761610731174
763,85,8,27.833228796482224,69.16424733846823
764,85,9,32.23406904050908,68.38329061555187
765,86,1,27.8488405496862,69.05400839444756
766,86,2,41.132677782031685,67.58438334302505
767,86,3,29.259517127690902,68.62441509988784
768,86,4,28.144351315702476,69.31495465773375
769,86,5,31.812501310586498,68.62162776725535
770,86,6,27.264558387732,69.41378447580023
771,86,7,44.08582992647233,67.35918856167321
772,86,8,27.234536421224398,69.13346959850055
773,86,9,33.511596335139444,68.05372022736331
774,87,1,29.948383390289024,68.98296564793398
775,87,2,45.933648951710836,67.10484780027392
776,87,3,31.392702567326367,68.42041721206905
777,87,4,27.504231104379222,69.26942537728702
778,87,5,32.1625034512653,68.48071668213063
779,87,6,27.47353307255537,69.44467138685245
780,87,7,48.97915510415139,67.00818730457313
781,87,8,28.44991121438657,69.06669739752901
782,87,9,41.03435456363674,67.6040542562331
783,88,1,29.396665132678063,68.8962705727367
784,88,2,43.1532435146899,67.34347616228419
785,88,3,28.42927994646938,68.80736466279629
786,88,4,28.20293133798565,69.19667227555844
787,88,5,34.923673467049326,68.2778245597699
788,88,6,27.552314329868885,69.42155841809235
789,88,7,34.253775819439184,68.20986380980942
790,88,8,28.796710999313138,69.00678687511255
791,88,9,52.16446996774441,66.85935478304238
792,89,1,29.177086909417525,68.83751401266025
793,89,2,38.57226990836132,67.71016616776994
794,89,3,31.16850275931006,68.72293341884459
795,89,4,27.630624331947274,69.24610817421963
796,89,5,35.67652958515774,68.02214204077218
797,89,6,27.389446513036184,69.35965116143589
798,89,7,36.2262971709431,67.97461529435684
799,89,8,27.482487578632956,69.38134475018195
800,89,9,63.86374956028177,66.16314424526718
801,90,1,29.669932682913636,68.70251145935126
802,90,2,30.53960776515759,68.53405657917754
803,90,3,28.05526284870075,68.97519013636675
804,90,4,29.486239771897047,69.26526185533203
805,90,5,35.74402102226348,68.18091745552965
806,90,6,26.763822741004674,69.36306238332357
807,90,7,35.34284503504023,68.0272002154479
808,90,8,27.739974708458522,69.34791344501626
809,90,9,134.2213025038083,63.76012553806703
810,91,1,31.771085666639905,68.5777789049996
811,91,2,29.213854876405218,68.7237498672705
812,91,3,27.2836431019605,69.32378862886728
813,91,4,27.519035453948486,69.26731152451742
814,91,5,36.42303545738233,67.81491294790774
815,91,6,27.089895670177476,69.35430742236096
816,91,7,35.684125098522706,67.90645247033957
817,91,8,28.04086633301778,69.3065093406128
818,91,9,254.53209481871636,61.13489946357104
819,92,1,33.207084831481964,68.41623987284518
820,92,2,30.374667960151925,68.70685949635923
821,92,3,27.82679979482323,69.36641700473484
822,92,4,27.546591664634263,69.23434384295781
823,92,5,44.24020048806461,67.31773314001062
824,92,6,27.091022627855583,69.4672513325606
825,92,7,41.3733169964848,67.60722109362032
826,92,8,27.80959144907893,69.2703455112739
827,92,9,192.5095235429029,62.34878542882941
828,93,1,33.34283945105104,68.20877644441505
829,93,2,29.50888368959677,68.76129105530177
830,93,3,27.70370098583706,69.34973351993067
831,93,4,27.751255907646616,69.18778603495382
832,93,5,54.32005848976934,66.68853732261549
833,93,6,27.537656456797606,69.47382727141358
834,93,7,50.7882810878038,66.86485274445786
835,93,8,28.065368475570544,69.22807968382816
836,93,9,886.7442630165228,53.83469782841207
837,94,1,36.39717349955382,67.95792372078053
838,94,2,30.319571609721958,68.55083767479474
839,94,3,26.399548026098337,69.3885148395451
840,94,4,28.80808960313675,69.15158397147705
841,94,5,80.27938134375295,65.4915235141076
842,94,6,27.994158308008316,69.41707435238433
843,94,7,58.27599124317012,66.52490600176719
844,94,8,28.77568583202547,69.39577404548488
845,94,9,533.5153492348563,57.19327941994303
846,95,1,40.45194021509247,67.59217523860961
847,95,2,31.53302434667205,68.41355424450462
848,95,3,26.762651881384325,69.3689153888745
849,95,4,30.543508247370212,69.09295801048553
850,95,5,148.74479855040204,63.34268628416537
851,95,6,28.110632117743968,69.48236642829897
852,95,7,82.18270562532712,65.47211044910122
853,95,8,27.018688087937498,69.4405591073285
854,95,9,37.30451592072826,67.94705473903502
855,96,1,39.03252525281728,67.69832350401443
856,96,2,33.24229037902403,68.29235440260702
857,96,3,27.036583663909976,69.37176655991804
858,96,4,29.25178007781912,69.00343170239955
859,96,5,525.4412669232315,57.30573440346899
860,96,6,27.634290017274203,69.47635350017438
861,96,7,92.93317067826125,65.02472928874772
862,96,8,27.441081843342623,69.42903543094238
863,96,9,34.055702630166735,68.18362210148663
864,97,1,38.4060327790437,67.69969537770191
865,97,2,37.81894923240319,68.02591191780144
866,97,3,26.928696047013506,69.47727189242688
867,97,4,28.299923065286755,68.8975614762883
868,97,5,150.20298970083695,63.338794568811956
869,97,6,28.70668073191365,69.44959165589954
870,97,7,34.8980890211768,68.32977757848688
871,97,8,27.739096893655926,69.45829570107175
872,97,9,34.35108653477028,68.14383706608803
873,98,1,38.245246980913514,67.80923577470497
874,98,2,37.60376087593973,67.71380387503392
875,98,3,27.292234749662928,69.47002010182057
876,98,4,30.319243534799583,68.76293179517528
877,98,5,125.38247496997498,64.01370082262025
878,98,6,27.508606924933893,69.42624982569822
879,98,7,35.17857183837508,68.2415483183818
880,98,8,27.595108864597535,69.48454060384805
881,98,9,39.14672170884414,67.82588162413411
882,99,1,42.83807468162333,67.45256903008422
883,99,2,27.620462737358697,68.9995694686754
884,99,3,27.004974025434777,69.4922697686646
885,99,4,30.379397803275634,68.6049935109724
886,99,5,124.74582295679048,64.01273733238982
887,99,6,27.544158041013446,69.40977057970996
888,99,7,37.128799604653224,67.89555132486822
889,99,8,27.361484557241877,69.50363336283135
890,99,9,42.123884160103266,67.48865187355325
891,100,1,55.15384373134466,66.64223610920097
892,100,2,28.609132453466504,69.33273712157127
893,100,3,28.06881886678862,69.68032730258547
894,100,4,31.337733086839403,68.49741221008271
895,100,5,124.18440063603263,64.00647165485749
896,100,6,26.603107439561832,69.50157278521218
897,100,7,37.3185325181545,67.82120418582224
898,100,8,27.6129533188097,69.53048579521459
899,100,9,50.189362753285636,66.82507162338797
