,position,condition,step
0,"(64, 92)",1.0,1.0
1,"(64, 93)",1.0,1.0
2,"(65, 94)",1.0,1.0
3,"(66, 94)",1.0,1.0
4,"(63, 93)",1.0,2.0
5,"(63, 94)",1.0,2.0
6,"(64, 94)",1.0,2.0
7,"(65, 91)",1.0,2.0
8,"(65, 95)",1.0,2.0
9,"(62, 93)",1.0,3.0
10,"(62, 94)",1.0,3.0
11,"(62, 95)",1.0,3.0
12,"(63, 92)",1.0,3.0
13,"(64, 91)",1.0,3.0
14,"(64, 96)",1.0,3.0
15,"(66, 96)",1.0,3.0
16,"(61, 93)",1.0,4.0
17,"(61, 94)",1.0,4.0
18,"(61, 95)",1.0,4.0
19,"(62, 91)",1.0,4.0
20,"(63, 90)",1.0,4.0
21,"(63, 91)",1.0,4.0
22,"(63, 95)",1.0,4.0
23,"(63, 96)",1.0,4.0
24,"(63, 97)",1.0,4.0
25,"(64, 90)",1.0,4.0
26,"(64, 97)",1.0,4.0
27,"(65, 97)",1.0,4.0
28,"(60, 95)",1.0,5.0
29,"(60, 96)",1.0,5.0
30,"(61, 90)",1.0,5.0
31,"(61, 91)",1.0,5.0
32,"(61, 96)",1.0,5.0
33,"(62, 90)",1.0,5.0
34,"(62, 97)",1.0,5.0
35,"(62, 98)",1.0,5.0
36,"(63, 98)",1.0,5.0
37,"(64, 89)",1.0,5.0
38,"(65, 98)",1.0,5.0
39,"(66, 98)",1.0,5.0
40,"(59, 95)",1.0,6.0
41,"(59, 96)",1.0,6.0
42,"(59, 97)",1.0,6.0
43,"(60, 89)",1.0,6.0
44,"(60, 91)",1.0,6.0
45,"(60, 97)",1.0,6.0
46,"(61, 97)",1.0,6.0
47,"(61, 99)",1.0,6.0
48,"(62, 89)",1.0,6.0
49,"(63, 89)",1.0,6.0
50,"(64, 99)",1.0,6.0
51,"(65, 99)",1.0,6.0
52,"(67, 98)",1.0,6.0
53,"(58, 94)",1.0,7.0
54,"(58, 95)",1.0,7.0
55,"(58, 96)",1.0,7.0
56,"(58, 98)",1.0,7.0
57,"(59, 88)",1.0,7.0
58,"(59, 90)",1.0,7.0
59,"(59, 92)",1.0,7.0
60,"(60, 88)",1.0,7.0
61,"(60, 99)",1.0,7.0
62,"(61, 88)",1.0,7.0
63,"(61, 98)",1.0,7.0
64,"(62, 88)",1.0,7.0
65,"(67, 99)",1.0,7.0
66,"(68, 98)",1.0,7.0
67,"(57, 93)",1.0,8.0
68,"(58, 91)",1.0,8.0
69,"(59, 89)",1.0,8.0
70,"(59, 93)",1.0,8.0
71,"(59, 98)",1.0,8.0
72,"(59, 99)",1.0,8.0
73,"(60, 87)",1.0,8.0
74,"(60, 90)",1.0,8.0
75,"(61, 87)",1.0,8.0
76,"(62, 87)",1.0,8.0
77,"(68, 99)",1.0,8.0
78,"(69, 98)",1.0,8.0
79,"(69, 99)",1.0,8.0
80,"(56, 92)",1.0,9.0
81,"(56, 94)",1.0,9.0
82,"(57, 94)",1.0,9.0
83,"(58, 92)",1.0,9.0
84,"(58, 99)",1.0,9.0
85,"(59, 87)",1.0,9.0
86,"(60, 86)",1.0,9.0
87,"(61, 86)",1.0,9.0
88,"(63, 88)",1.0,9.0
89,"(70, 97)",1.0,9.0
90,"(70, 99)",1.0,9.0
91,"(55, 93)",1.0,10.0
92,"(55, 94)",1.0,10.0
93,"(57, 91)",1.0,10.0
94,"(57, 95)",1.0,10.0
95,"(57, 98)",1.0,10.0
96,"(58, 86)",1.0,10.0
97,"(58, 87)",1.0,10.0
98,"(62, 86)",1.0,10.0
99,"(70, 96)",1.0,10.0
100,"(71, 97)",1.0,10.0
101,"(71, 98)",1.0,10.0
102,"(71, 99)",1.0,10.0
103,"(54, 93)",1.0,11.0
104,"(54, 94)",1.0,11.0
105,"(54, 95)",1.0,11.0
106,"(55, 95)",1.0,11.0
107,"(56, 90)",1.0,11.0
108,"(56, 96)",1.0,11.0
109,"(57, 87)",1.0,11.0
110,"(63, 86)",1.0,11.0
111,"(63, 87)",1.0,11.0
112,"(69, 95)",1.0,11.0
113,"(70, 95)",1.0,11.0
114,"(71, 95)",1.0,11.0
115,"(72, 96)",1.0,11.0
116,"(72, 97)",1.0,11.0
117,"(72, 99)",1.0,11.0
118,"(53, 93)",1.0,12.0
119,"(54, 92)",1.0,12.0
120,"(55, 89)",1.0,12.0
121,"(55, 90)",1.0,12.0
122,"(55, 96)",1.0,12.0
123,"(55, 97)",1.0,12.0
124,"(56, 86)",1.0,12.0
125,"(56, 89)",1.0,12.0
126,"(56, 97)",1.0,12.0
127,"(57, 86)",1.0,12.0
128,"(57, 88)",1.0,12.0
129,"(62, 85)",1.0,12.0
130,"(64, 85)",1.0,12.0
131,"(64, 86)",1.0,12.0
132,"(64, 88)",1.0,12.0
133,"(68, 94)",1.0,12.0
134,"(68, 95)",1.0,12.0
135,"(68, 96)",1.0,12.0
136,"(69, 94)",1.0,12.0
137,"(70, 94)",1.0,12.0
138,"(72, 94)",1.0,12.0
139,"(73, 96)",1.0,12.0
140,"(73, 97)",1.0,12.0
141,"(52, 93)",1.0,13.0
142,"(53, 91)",1.0,13.0
143,"(54, 89)",1.0,13.0
144,"(54, 90)",1.0,13.0
145,"(54, 91)",1.0,13.0
146,"(55, 86)",1.0,13.0
147,"(55, 98)",1.0,13.0
148,"(56, 85)",1.0,13.0
149,"(56, 88)",1.0,13.0
150,"(61, 84)",1.0,13.0
151,"(64, 84)",1.0,13.0
152,"(65, 84)",1.0,13.0
153,"(65, 85)",1.0,13.0
154,"(65, 87)",1.0,13.0
155,"(68, 93)",1.0,13.0
156,"(69, 93)",1.0,13.0
157,"(70, 93)",1.0,13.0
158,"(71, 93)",1.0,13.0
159,"(73, 95)",1.0,13.0
160,"(74, 98)",1.0,13.0
161,"(52, 90)",1.0,14.0
162,"(52, 91)",1.0,14.0
163,"(55, 88)",1.0,14.0
164,"(57, 84)",1.0,14.0
165,"(60, 83)",1.0,14.0
166,"(61, 83)",1.0,14.0
167,"(65, 83)",1.0,14.0
168,"(66, 84)",1.0,14.0
169,"(67, 92)",1.0,14.0
170,"(69, 92)",1.0,14.0
171,"(70, 92)",1.0,14.0
172,"(72, 92)",1.0,14.0
173,"(73, 94)",1.0,14.0
174,"(74, 95)",1.0,14.0
175,"(75, 98)",1.0,14.0
176,"(75, 99)",1.0,14.0
177,"(51, 89)",1.0,15.0
178,"(51, 90)",1.0,15.0
179,"(56, 84)",1.0,15.0
180,"(58, 83)",1.0,15.0
181,"(58, 84)",1.0,15.0
182,"(59, 83)",1.0,15.0
183,"(59, 84)",1.0,15.0
184,"(60, 82)",1.0,15.0
185,"(61, 82)",1.0,15.0
186,"(66, 83)",1.0,15.0
187,"(67, 84)",1.0,15.0
188,"(71, 91)",1.0,15.0
189,"(71, 92)",1.0,15.0
190,"(72, 91)",1.0,15.0
191,"(73, 91)",1.0,15.0
192,"(73, 92)",1.0,15.0
193,"(73, 93)",1.0,15.0
194,"(75, 95)",1.0,15.0
195,"(76, 99)",1.0,15.0
196,"(50, 88)",1.0,16.0
197,"(50, 90)",1.0,16.0
198,"(52, 89)",1.0,16.0
199,"(55, 83)",1.0,16.0
200,"(57, 82)",1.0,16.0
201,"(57, 83)",1.0,16.0
202,"(59, 81)",1.0,16.0
203,"(59, 82)",1.0,16.0
204,"(61, 81)",1.0,16.0
205,"(62, 82)",1.0,16.0
206,"(66, 82)",1.0,16.0
207,"(70, 90)",1.0,16.0
208,"(71, 90)",1.0,16.0
209,"(72, 90)",1.0,16.0
210,"(73, 90)",1.0,16.0
211,"(74, 93)",1.0,16.0
212,"(76, 96)",1.0,16.0
213,"(77, 98)",1.0,16.0
214,"(49, 88)",1.0,17.0
215,"(49, 89)",1.0,17.0
216,"(51, 87)",1.0,17.0
217,"(51, 88)",1.0,17.0
218,"(54, 83)",1.0,17.0
219,"(54, 84)",1.0,17.0
220,"(56, 81)",1.0,17.0
221,"(58, 81)",1.0,17.0
222,"(58, 82)",1.0,17.0
223,"(62, 80)",1.0,17.0
224,"(63, 81)",1.0,17.0
225,"(66, 81)",1.0,17.0
226,"(67, 81)",1.0,17.0
227,"(69, 89)",1.0,17.0
228,"(69, 91)",1.0,17.0
229,"(70, 89)",1.0,17.0
230,"(71, 89)",1.0,17.0
231,"(72, 89)",1.0,17.0
232,"(73, 89)",1.0,17.0
233,"(74, 89)",1.0,17.0
234,"(75, 92)",1.0,17.0
235,"(75, 93)",1.0,17.0
236,"(75, 97)",1.0,17.0
237,"(77, 95)",1.0,17.0
238,"(78, 97)",1.0,17.0
239,"(48, 87)",1.0,18.0
240,"(48, 88)",1.0,18.0
241,"(48, 89)",1.0,18.0
242,"(48, 90)",1.0,18.0
243,"(50, 86)",1.0,18.0
244,"(50, 89)",1.0,18.0
245,"(52, 86)",1.0,18.0
246,"(53, 82)",1.0,18.0
247,"(53, 84)",1.0,18.0
248,"(54, 85)",1.0,18.0
249,"(56, 80)",1.0,18.0
250,"(57, 80)",1.0,18.0
251,"(57, 81)",1.0,18.0
252,"(58, 80)",1.0,18.0
253,"(59, 80)",1.0,18.0
254,"(61, 79)",1.0,18.0
255,"(63, 80)",1.0,18.0
256,"(64, 81)",1.0,18.0
257,"(65, 81)",1.0,18.0
258,"(68, 81)",1.0,18.0
259,"(68, 88)",1.0,18.0
260,"(68, 89)",1.0,18.0
261,"(69, 88)",1.0,18.0
262,"(71, 88)",1.0,18.0
263,"(72, 88)",1.0,18.0
264,"(73, 88)",1.0,18.0
265,"(74, 90)",1.0,18.0
266,"(75, 91)",1.0,18.0
267,"(75, 96)",1.0,18.0
268,"(76, 92)",1.0,18.0
269,"(77, 94)",1.0,18.0
270,"(78, 95)",1.0,18.0
271,"(78, 96)",1.0,18.0
272,"(79, 97)",1.0,18.0
273,"(47, 86)",1.0,19.0
274,"(47, 88)",1.0,19.0
275,"(47, 89)",1.0,19.0
276,"(47, 90)",1.0,19.0
277,"(47, 91)",1.0,19.0
278,"(48, 86)",1.0,19.0
279,"(48, 91)",1.0,19.0
280,"(49, 85)",1.0,19.0
281,"(49, 86)",1.0,19.0
282,"(49, 90)",1.0,19.0
283,"(52, 83)",1.0,19.0
284,"(52, 85)",1.0,19.0
285,"(53, 81)",1.0,19.0
286,"(53, 85)",1.0,19.0
287,"(53, 86)",1.0,19.0
288,"(54, 86)",1.0,19.0
289,"(56, 79)",1.0,19.0
290,"(58, 79)",1.0,19.0
291,"(59, 79)",1.0,19.0
292,"(60, 79)",1.0,19.0
293,"(62, 79)",1.0,19.0
294,"(64, 79)",1.0,19.0
295,"(64, 80)",1.0,19.0
296,"(65, 80)",1.0,19.0
297,"(67, 87)",1.0,19.0
298,"(67, 89)",1.0,19.0
299,"(69, 87)",1.0,19.0
300,"(74, 87)",1.0,19.0
301,"(75, 90)",1.0,19.0
302,"(76, 91)",1.0,19.0
303,"(76, 93)",1.0,19.0
304,"(77, 92)",1.0,19.0
305,"(78, 93)",1.0,19.0
306,"(79, 94)",1.0,19.0
307,"(79, 95)",1.0,19.0
308,"(79, 96)",1.0,19.0
309,"(80, 96)",1.0,19.0
310,"(80, 97)",1.0,19.0
311,"(46, 85)",1.0,20.0
312,"(46, 88)",1.0,20.0
313,"(47, 92)",1.0,20.0
314,"(48, 85)",1.0,20.0
315,"(49, 84)",1.0,20.0
316,"(50, 84)",1.0,20.0
317,"(51, 83)",1.0,20.0
318,"(51, 84)",1.0,20.0
319,"(53, 80)",1.0,20.0
320,"(53, 87)",1.0,20.0
321,"(54, 80)",1.0,20.0
322,"(57, 78)",1.0,20.0
323,"(59, 78)",1.0,20.0
324,"(62, 78)",1.0,20.0
325,"(65, 79)",1.0,20.0
326,"(66, 90)",1.0,20.0
327,"(70, 86)",1.0,20.0
328,"(73, 86)",1.0,20.0
329,"(74, 86)",1.0,20.0
330,"(77, 90)",1.0,20.0
331,"(77, 93)",1.0,20.0
332,"(80, 95)",1.0,20.0
333,"(81, 98)",1.0,20.0
334,"(45, 87)",1.0,21.0
335,"(46, 92)",1.0,21.0
336,"(46, 93)",1.0,21.0
337,"(47, 93)",1.0,21.0
338,"(48, 84)",1.0,21.0
339,"(49, 83)",1.0,21.0
340,"(54, 79)",1.0,21.0
341,"(59, 77)",1.0,21.0
342,"(60, 77)",1.0,21.0
343,"(63, 77)",1.0,21.0
344,"(66, 78)",1.0,21.0
345,"(66, 89)",1.0,21.0
346,"(69, 86)",1.0,21.0
347,"(73, 85)",1.0,21.0
348,"(74, 85)",1.0,21.0
349,"(75, 85)",1.0,21.0
350,"(76, 89)",1.0,21.0
351,"(80, 94)",1.0,21.0
352,"(81, 94)",1.0,21.0
353,"(81, 99)",1.0,21.0
354,"(44, 86)",1.0,22.0
355,"(45, 88)",1.0,22.0
356,"(45, 91)",1.0,22.0
357,"(45, 92)",1.0,22.0
358,"(45, 94)",1.0,22.0
359,"(46, 94)",1.0,22.0
360,"(47, 83)",1.0,22.0
361,"(48, 83)",1.0,22.0
362,"(54, 78)",1.0,22.0
363,"(58, 77)",1.0,22.0
364,"(59, 76)",1.0,22.0
365,"(66, 77)",1.0,22.0
366,"(67, 78)",1.0,22.0
367,"(72, 84)",1.0,22.0
368,"(72, 86)",1.0,22.0
369,"(73, 84)",1.0,22.0
370,"(74, 84)",1.0,22.0
371,"(75, 86)",1.0,22.0
372,"(76, 86)",1.0,22.0
373,"(80, 93)",1.0,22.0
374,"(81, 93)",1.0,22.0
375,"(82, 95)",1.0,22.0
376,"(44, 87)",1.0,23.0
377,"(44, 88)",1.0,23.0
378,"(44, 89)",1.0,23.0
379,"(44, 90)",1.0,23.0
380,"(44, 91)",1.0,23.0
381,"(44, 92)",1.0,23.0
382,"(44, 94)",1.0,23.0
383,"(46, 84)",1.0,23.0
384,"(46, 95)",1.0,23.0
385,"(47, 95)",1.0,23.0
386,"(55, 78)",1.0,23.0
387,"(57, 76)",1.0,23.0
388,"(58, 76)",1.0,23.0
389,"(60, 76)",1.0,23.0
390,"(65, 76)",1.0,23.0
391,"(65, 77)",1.0,23.0
392,"(67, 76)",1.0,23.0
393,"(67, 77)",1.0,23.0
394,"(71, 83)",1.0,23.0
395,"(71, 84)",1.0,23.0
396,"(72, 85)",1.0,23.0
397,"(73, 83)",1.0,23.0
398,"(74, 83)",1.0,23.0
399,"(75, 83)",1.0,23.0
400,"(75, 87)",1.0,23.0
401,"(76, 85)",1.0,23.0
402,"(76, 87)",1.0,23.0
403,"(80, 92)",1.0,23.0
404,"(82, 92)",1.0,23.0
405,"(82, 94)",1.0,23.0
406,"(83, 96)",1.0,23.0
407,"(43, 93)",1.0,24.0
408,"(44, 93)",1.0,24.0
409,"(44, 95)",1.0,24.0
410,"(55, 77)",1.0,24.0
411,"(56, 75)",1.0,24.0
412,"(59, 75)",1.0,24.0
413,"(66, 76)",1.0,24.0
414,"(67, 75)",1.0,24.0
415,"(68, 75)",1.0,24.0
416,"(70, 82)",1.0,24.0
417,"(70, 84)",1.0,24.0
418,"(71, 86)",1.0,24.0
419,"(75, 82)",1.0,24.0
420,"(76, 82)",1.0,24.0
421,"(76, 84)",1.0,24.0
422,"(77, 85)",1.0,24.0
423,"(77, 86)",1.0,24.0
424,"(77, 87)",1.0,24.0
425,"(77, 88)",1.0,24.0
426,"(80, 91)",1.0,24.0
427,"(82, 91)",1.0,24.0
428,"(82, 93)",1.0,24.0
429,"(83, 93)",1.0,24.0
430,"(83, 95)",1.0,24.0
431,"(83, 97)",1.0,24.0
432,"(84, 95)",1.0,24.0
433,"(42, 92)",1.0,25.0
434,"(43, 92)",1.0,25.0
435,"(43, 95)",1.0,25.0
436,"(54, 76)",1.0,25.0
437,"(55, 76)",1.0,25.0
438,"(56, 74)",1.0,25.0
439,"(60, 74)",1.0,25.0
440,"(66, 74)",1.0,25.0
441,"(69, 76)",1.0,25.0
442,"(69, 83)",1.0,25.0
443,"(69, 85)",1.0,25.0
444,"(75, 81)",1.0,25.0
445,"(77, 81)",1.0,25.0
446,"(77, 83)",1.0,25.0
447,"(78, 84)",1.0,25.0
448,"(78, 86)",1.0,25.0
449,"(78, 87)",1.0,25.0
450,"(79, 90)",1.0,25.0
451,"(80, 90)",1.0,25.0
452,"(81, 90)",1.0,25.0
453,"(82, 90)",1.0,25.0
454,"(82, 98)",1.0,25.0
455,"(83, 92)",1.0,25.0
456,"(84, 92)",1.0,25.0
457,"(84, 94)",1.0,25.0
458,"(41, 91)",1.0,26.0
459,"(41, 93)",1.0,26.0
460,"(42, 95)",1.0,26.0
461,"(43, 96)",1.0,26.0
462,"(53, 76)",1.0,26.0
463,"(55, 73)",1.0,26.0
464,"(57, 73)",1.0,26.0
465,"(60, 75)",1.0,26.0
466,"(61, 75)",1.0,26.0
467,"(65, 73)",1.0,26.0
468,"(66, 73)",1.0,26.0
469,"(67, 73)",1.0,26.0
470,"(69, 75)",1.0,26.0
471,"(69, 77)",1.0,26.0
472,"(70, 75)",1.0,26.0
473,"(74, 80)",1.0,26.0
474,"(74, 81)",1.0,26.0
475,"(76, 80)",1.0,26.0
476,"(78, 82)",1.0,26.0
477,"(78, 85)",1.0,26.0
478,"(78, 90)",1.0,26.0
479,"(79, 85)",1.0,26.0
480,"(79, 89)",1.0,26.0
481,"(81, 97)",1.0,26.0
482,"(82, 89)",1.0,26.0
483,"(83, 99)",1.0,26.0
484,"(84, 91)",1.0,26.0
485,"(84, 93)",1.0,26.0
486,"(85, 91)",1.0,26.0
487,"(40, 90)",1.0,27.0
488,"(40, 91)",1.0,27.0
489,"(40, 92)",1.0,27.0
490,"(41, 90)",1.0,27.0
491,"(42, 90)",1.0,27.0
492,"(52, 77)",1.0,27.0
493,"(54, 74)",1.0,27.0
494,"(56, 72)",1.0,27.0
495,"(56, 73)",1.0,27.0
496,"(58, 72)",1.0,27.0
497,"(61, 74)",1.0,27.0
498,"(61, 76)",1.0,27.0
499,"(62, 75)",1.0,27.0
500,"(67, 72)",1.0,27.0
501,"(68, 73)",1.0,27.0
502,"(70, 78)",1.0,27.0
503,"(71, 76)",1.0,27.0
504,"(75, 79)",1.0,27.0
505,"(75, 80)",1.0,27.0
506,"(79, 81)",1.0,27.0
507,"(79, 82)",1.0,27.0
508,"(79, 84)",1.0,27.0
509,"(80, 86)",1.0,27.0
510,"(82, 88)",1.0,27.0
511,"(83, 89)",1.0,27.0
512,"(84, 99)",1.0,27.0
513,"(85, 90)",1.0,27.0
514,"(86, 92)",1.0,27.0
515,"(39, 92)",1.0,28.0
516,"(40, 89)",1.0,28.0
517,"(40, 93)",1.0,28.0
518,"(41, 89)",1.0,28.0
519,"(42, 89)",1.0,28.0
520,"(51, 76)",1.0,28.0
521,"(51, 77)",1.0,28.0
522,"(52, 76)",1.0,28.0
523,"(58, 73)",1.0,28.0
524,"(59, 71)",1.0,28.0
525,"(59, 72)",1.0,28.0
526,"(62, 74)",1.0,28.0
527,"(63, 74)",1.0,28.0
528,"(63, 76)",1.0,28.0
529,"(68, 71)",1.0,28.0
530,"(68, 72)",1.0,28.0
531,"(69, 79)",1.0,28.0
532,"(70, 79)",1.0,28.0
533,"(71, 77)",1.0,28.0
534,"(72, 75)",1.0,28.0
535,"(72, 77)",1.0,28.0
536,"(76, 78)",1.0,28.0
537,"(80, 82)",1.0,28.0
538,"(80, 85)",1.0,28.0
539,"(80, 87)",1.0,28.0
540,"(82, 87)",1.0,28.0
541,"(83, 87)",1.0,28.0
542,"(83, 88)",1.0,28.0
543,"(84, 89)",1.0,28.0
544,"(84, 90)",1.0,28.0
545,"(85, 89)",1.0,28.0
546,"(86, 90)",1.0,28.0
547,"(86, 91)",1.0,28.0
548,"(86, 93)",1.0,28.0
549,"(87, 93)",1.0,28.0
550,"(38, 92)",1.0,29.0
551,"(39, 89)",1.0,29.0
552,"(40, 88)",1.0,29.0
553,"(41, 94)",1.0,29.0
554,"(50, 76)",1.0,29.0
555,"(50, 78)",1.0,29.0
556,"(51, 78)",1.0,29.0
557,"(52, 75)",1.0,29.0
558,"(58, 71)",1.0,29.0
559,"(60, 71)",1.0,29.0
560,"(63, 73)",1.0,29.0
561,"(64, 74)",1.0,29.0
562,"(67, 70)",1.0,29.0
563,"(69, 71)",1.0,29.0
564,"(69, 73)",1.0,29.0
565,"(69, 80)",1.0,29.0
566,"(70, 80)",1.0,29.0
567,"(71, 75)",1.0,29.0
568,"(71, 78)",1.0,29.0
569,"(71, 80)",1.0,29.0
570,"(72, 74)",1.0,29.0
571,"(72, 78)",1.0,29.0
572,"(73, 75)",1.0,29.0
573,"(73, 77)",1.0,29.0
574,"(73, 78)",1.0,29.0
575,"(75, 77)",1.0,29.0
576,"(77, 77)",1.0,29.0
577,"(81, 83)",1.0,29.0
578,"(81, 85)",1.0,29.0
579,"(81, 86)",1.0,29.0
580,"(81, 88)",1.0,29.0
581,"(82, 86)",1.0,29.0
582,"(84, 88)",1.0,29.0
583,"(86, 94)",1.0,29.0
584,"(88, 93)",1.0,29.0
585,"(37, 91)",1.0,30.0
586,"(38, 89)",1.0,30.0
587,"(38, 90)",1.0,30.0
588,"(38, 93)",1.0,30.0
589,"(39, 88)",1.0,30.0
590,"(49, 75)",1.0,30.0
591,"(49, 78)",1.0,30.0
592,"(49, 79)",1.0,30.0
593,"(50, 77)",1.0,30.0
594,"(50, 79)",1.0,30.0
595,"(51, 74)",1.0,30.0
596,"(51, 79)",1.0,30.0
597,"(52, 79)",1.0,30.0
598,"(57, 71)",1.0,30.0
599,"(61, 71)",1.0,30.0
600,"(66, 69)",1.0,30.0
601,"(69, 70)",1.0,30.0
602,"(69, 81)",1.0,30.0
603,"(71, 73)",1.0,30.0
604,"(72, 79)",1.0,30.0
605,"(73, 73)",1.0,30.0
606,"(73, 76)",1.0,30.0
607,"(73, 79)",1.0,30.0
608,"(74, 76)",1.0,30.0
609,"(76, 76)",1.0,30.0
610,"(78, 77)",1.0,30.0
611,"(78, 78)",1.0,30.0
612,"(80, 84)",1.0,30.0
613,"(80, 89)",1.0,30.0
614,"(81, 84)",1.0,30.0
615,"(82, 83)",1.0,30.0
616,"(89, 94)",1.0,30.0
617,"(36, 91)",1.0,31.0
618,"(37, 89)",1.0,31.0
619,"(37, 92)",1.0,31.0
620,"(37, 94)",1.0,31.0
621,"(38, 88)",1.0,31.0
622,"(38, 91)",1.0,31.0
623,"(48, 75)",1.0,31.0
624,"(48, 76)",1.0,31.0
625,"(48, 78)",1.0,31.0
626,"(49, 76)",1.0,31.0
627,"(49, 80)",1.0,31.0
628,"(50, 73)",1.0,31.0
629,"(50, 74)",1.0,31.0
630,"(52, 74)",1.0,31.0
631,"(57, 72)",1.0,31.0
632,"(62, 70)",1.0,31.0
633,"(65, 68)",1.0,31.0
634,"(66, 68)",1.0,31.0
635,"(69, 69)",1.0,31.0
636,"(72, 72)",1.0,31.0
637,"(73, 72)",1.0,31.0
638,"(75, 75)",1.0,31.0
639,"(77, 79)",1.0,31.0
640,"(78, 79)",1.0,31.0
641,"(83, 83)",1.0,31.0
642,"(83, 84)",1.0,31.0
643,"(37, 88)",1.0,32.0
644,"(38, 87)",1.0,32.0
645,"(38, 95)",1.0,32.0
646,"(47, 74)",1.0,32.0
647,"(47, 76)",1.0,32.0
648,"(47, 79)",1.0,32.0
649,"(48, 81)",1.0,32.0
650,"(50, 81)",1.0,32.0
651,"(53, 73)",1.0,32.0
652,"(61, 70)",1.0,32.0
653,"(64, 68)",1.0,32.0
654,"(65, 69)",1.0,32.0
655,"(70, 68)",1.0,32.0
656,"(70, 69)",1.0,32.0
657,"(72, 71)",1.0,32.0
658,"(73, 71)",1.0,32.0
659,"(74, 71)",1.0,32.0
660,"(74, 72)",1.0,32.0
661,"(74, 73)",1.0,32.0
662,"(75, 74)",1.0,32.0
663,"(76, 74)",1.0,32.0
664,"(77, 80)",1.0,32.0
665,"(84, 83)",1.0,32.0
666,"(84, 84)",1.0,32.0
667,"(84, 85)",1.0,32.0
668,"(36, 89)",1.0,33.0
669,"(37, 87)",1.0,33.0
670,"(39, 94)",1.0,33.0
671,"(39, 95)",1.0,33.0
672,"(46, 73)",1.0,33.0
673,"(46, 77)",1.0,33.0
674,"(47, 73)",1.0,33.0
675,"(47, 80)",1.0,33.0
676,"(47, 82)",1.0,33.0
677,"(51, 81)",1.0,33.0
678,"(52, 72)",1.0,33.0
679,"(61, 69)",1.0,33.0
680,"(64, 67)",1.0,33.0
681,"(69, 68)",1.0,33.0
682,"(71, 69)",1.0,33.0
683,"(71, 70)",1.0,33.0
684,"(71, 71)",1.0,33.0
685,"(71, 72)",1.0,33.0
686,"(73, 70)",1.0,33.0
687,"(74, 70)",1.0,33.0
688,"(75, 70)",1.0,33.0
689,"(76, 73)",1.0,33.0
690,"(76, 75)",1.0,33.0
691,"(77, 74)",1.0,33.0
692,"(85, 82)",1.0,33.0
693,"(85, 84)",1.0,33.0
694,"(85, 86)",1.0,33.0
695,"(35, 89)",1.0,34.0
696,"(45, 72)",1.0,34.0
697,"(45, 78)",1.0,34.0
698,"(46, 72)",1.0,34.0
699,"(46, 80)",1.0,34.0
700,"(46, 81)",1.0,34.0
701,"(47, 72)",1.0,34.0
702,"(48, 72)",1.0,34.0
703,"(52, 80)",1.0,34.0
704,"(60, 69)",1.0,34.0
705,"(63, 66)",1.0,34.0
706,"(64, 66)",1.0,34.0
707,"(70, 73)",1.0,34.0
708,"(72, 70)",1.0,34.0
709,"(73, 69)",1.0,34.0
710,"(74, 69)",1.0,34.0
711,"(75, 71)",1.0,34.0
712,"(75, 72)",1.0,34.0
713,"(76, 70)",1.0,34.0
714,"(76, 72)",1.0,34.0
715,"(78, 73)",1.0,34.0
716,"(78, 74)",1.0,34.0
717,"(84, 81)",1.0,34.0
718,"(85, 81)",1.0,34.0
719,"(85, 87)",1.0,34.0
720,"(86, 81)",1.0,34.0
721,"(86, 82)",1.0,34.0
722,"(86, 83)",1.0,34.0
723,"(86, 84)",1.0,34.0
724,"(86, 85)",1.0,34.0
725,"(86, 87)",1.0,34.0
726,"(34, 88)",1.0,35.0
727,"(34, 89)",1.0,35.0
728,"(44, 71)",1.0,35.0
729,"(44, 72)",1.0,35.0
730,"(44, 73)",1.0,35.0
731,"(45, 71)",1.0,35.0
732,"(45, 79)",1.0,35.0
733,"(45, 80)",1.0,35.0
734,"(45, 82)",1.0,35.0
735,"(46, 71)",1.0,35.0
736,"(47, 71)",1.0,35.0
737,"(48, 71)",1.0,35.0
738,"(49, 72)",1.0,35.0
739,"(49, 73)",1.0,35.0
740,"(59, 68)",1.0,35.0
741,"(59, 69)",1.0,35.0
742,"(62, 65)",1.0,35.0
743,"(62, 67)",1.0,35.0
744,"(65, 65)",1.0,35.0
745,"(65, 66)",1.0,35.0
746,"(75, 68)",1.0,35.0
747,"(77, 71)",1.0,35.0
748,"(79, 72)",1.0,35.0
749,"(79, 74)",1.0,35.0
750,"(85, 88)",1.0,35.0
751,"(87, 80)",1.0,35.0
752,"(87, 82)",1.0,35.0
753,"(87, 84)",1.0,35.0
754,"(87, 88)",1.0,35.0
755,"(33, 87)",1.0,36.0
756,"(33, 88)",1.0,36.0
757,"(34, 87)",1.0,36.0
758,"(35, 87)",1.0,36.0
759,"(43, 71)",1.0,36.0
760,"(44, 80)",1.0,36.0
761,"(44, 81)",1.0,36.0
762,"(45, 70)",1.0,36.0
763,"(45, 74)",1.0,36.0
764,"(46, 78)",1.0,36.0
765,"(47, 70)",1.0,36.0
766,"(48, 70)",1.0,36.0
767,"(50, 71)",1.0,36.0
768,"(60, 67)",1.0,36.0
769,"(63, 68)",1.0,36.0
770,"(66, 65)",1.0,36.0
771,"(66, 66)",1.0,36.0
772,"(75, 67)",1.0,36.0
773,"(76, 68)",1.0,36.0
774,"(78, 70)",1.0,36.0
775,"(78, 71)",1.0,36.0
776,"(79, 71)",1.0,36.0
777,"(79, 75)",1.0,36.0
778,"(80, 74)",1.0,36.0
779,"(87, 81)",1.0,36.0
780,"(87, 87)",1.0,36.0
781,"(88, 80)",1.0,36.0
782,"(88, 81)",1.0,36.0
783,"(88, 83)",1.0,36.0
784,"(32, 86)",1.0,37.0
785,"(32, 87)",1.0,37.0
786,"(32, 88)",1.0,37.0
787,"(34, 86)",1.0,37.0
788,"(35, 86)",1.0,37.0
789,"(42, 70)",1.0,37.0
790,"(42, 71)",1.0,37.0
791,"(42, 72)",1.0,37.0
792,"(44, 69)",1.0,37.0
793,"(44, 82)",1.0,37.0
794,"(45, 69)",1.0,37.0
795,"(46, 69)",1.0,37.0
796,"(48, 69)",1.0,37.0
797,"(50, 70)",1.0,37.0
798,"(59, 67)",1.0,37.0
799,"(61, 67)",1.0,37.0
800,"(64, 69)",1.0,37.0
801,"(66, 64)",1.0,37.0
802,"(67, 66)",1.0,37.0
803,"(74, 67)",1.0,37.0
804,"(77, 70)",1.0,37.0
805,"(79, 69)",1.0,37.0
806,"(80, 72)",1.0,37.0
807,"(80, 75)",1.0,37.0
808,"(81, 74)",1.0,37.0
809,"(89, 80)",1.0,37.0
810,"(89, 82)",1.0,37.0
811,"(31, 86)",1.0,38.0
812,"(32, 85)",1.0,38.0
813,"(33, 85)",1.0,38.0
814,"(41, 71)",1.0,38.0
815,"(41, 73)",1.0,38.0
816,"(43, 68)",1.0,38.0
817,"(43, 69)",1.0,38.0
818,"(45, 68)",1.0,38.0
819,"(46, 68)",1.0,38.0
820,"(50, 69)",1.0,38.0
821,"(51, 69)",1.0,38.0
822,"(58, 66)",1.0,38.0
823,"(59, 66)",1.0,38.0
824,"(65, 63)",1.0,38.0
825,"(67, 67)",1.0,38.0
826,"(68, 65)",1.0,38.0
827,"(74, 66)",1.0,38.0
828,"(75, 66)",1.0,38.0
829,"(78, 69)",1.0,38.0
830,"(81, 73)",1.0,38.0
831,"(82, 75)",1.0,38.0
832,"(89, 79)",1.0,38.0
833,"(90, 79)",1.0,38.0
834,"(90, 82)",1.0,38.0
835,"(30, 85)",1.0,39.0
836,"(30, 86)",1.0,39.0
837,"(32, 84)",1.0,39.0
838,"(33, 84)",1.0,39.0
839,"(40, 71)",1.0,39.0
840,"(40, 72)",1.0,39.0
841,"(41, 74)",1.0,39.0
842,"(42, 68)",1.0,39.0
843,"(42, 69)",1.0,39.0
844,"(42, 73)",1.0,39.0
845,"(43, 67)",1.0,39.0
846,"(46, 67)",1.0,39.0
847,"(51, 70)",1.0,39.0
848,"(52, 68)",1.0,39.0
849,"(59, 65)",1.0,39.0
850,"(64, 64)",1.0,39.0
851,"(66, 62)",1.0,39.0
852,"(69, 64)",1.0,39.0
853,"(73, 67)",1.0,39.0
854,"(74, 65)",1.0,39.0
855,"(78, 68)",1.0,39.0
856,"(81, 72)",1.0,39.0
857,"(82, 72)",1.0,39.0
858,"(82, 74)",1.0,39.0
859,"(83, 76)",1.0,39.0
860,"(89, 78)",1.0,39.0
861,"(90, 78)",1.0,39.0
862,"(91, 81)",1.0,39.0
863,"(29, 84)",1.0,40.0
864,"(29, 87)",1.0,40.0
865,"(30, 84)",1.0,40.0
866,"(31, 83)",1.0,40.0
867,"(32, 83)",1.0,40.0
868,"(34, 83)",1.0,40.0
869,"(39, 71)",1.0,40.0
870,"(39, 72)",1.0,40.0
871,"(39, 73)",1.0,40.0
872,"(40, 70)",1.0,40.0
873,"(41, 68)",1.0,40.0
874,"(41, 75)",1.0,40.0
875,"(42, 67)",1.0,40.0
876,"(42, 74)",1.0,40.0
877,"(46, 66)",1.0,40.0
878,"(47, 66)",1.0,40.0
879,"(47, 67)",1.0,40.0
880,"(53, 67)",1.0,40.0
881,"(58, 64)",1.0,40.0
882,"(64, 63)",1.0,40.0
883,"(67, 63)",1.0,40.0
884,"(69, 65)",1.0,40.0
885,"(70, 63)",1.0,40.0
886,"(70, 65)",1.0,40.0
887,"(73, 64)",1.0,40.0
888,"(73, 65)",1.0,40.0
889,"(74, 64)",1.0,40.0
890,"(75, 64)",1.0,40.0
891,"(78, 67)",1.0,40.0
892,"(81, 71)",1.0,40.0
893,"(82, 71)",1.0,40.0
894,"(83, 73)",1.0,40.0
895,"(83, 75)",1.0,40.0
896,"(84, 75)",1.0,40.0
897,"(84, 76)",1.0,40.0
898,"(88, 77)",1.0,40.0
899,"(88, 78)",1.0,40.0
900,"(90, 77)",1.0,40.0
901,"(92, 80)",1.0,40.0
902,"(28, 83)",1.0,41.0
903,"(28, 85)",1.0,41.0
904,"(28, 86)",1.0,41.0
905,"(28, 88)",1.0,41.0
906,"(29, 83)",1.0,41.0
907,"(29, 88)",1.0,41.0
908,"(30, 82)",1.0,41.0
909,"(30, 83)",1.0,41.0
910,"(30, 88)",1.0,41.0
911,"(31, 82)",1.0,41.0
912,"(33, 82)",1.0,41.0
913,"(33, 83)",1.0,41.0
914,"(35, 82)",1.0,41.0
915,"(38, 70)",1.0,41.0
916,"(38, 71)",1.0,41.0
917,"(38, 73)",1.0,41.0
918,"(39, 69)",1.0,41.0
919,"(39, 70)",1.0,41.0
920,"(40, 67)",1.0,41.0
921,"(41, 66)",1.0,41.0
922,"(41, 76)",1.0,41.0
923,"(42, 76)",1.0,41.0
924,"(43, 66)",1.0,41.0
925,"(45, 65)",1.0,41.0
926,"(46, 65)",1.0,41.0
927,"(48, 65)",1.0,41.0
928,"(57, 63)",1.0,41.0
929,"(57, 65)",1.0,41.0
930,"(59, 63)",1.0,41.0
931,"(63, 62)",1.0,41.0
932,"(68, 63)",1.0,41.0
933,"(69, 66)",1.0,41.0
934,"(70, 64)",1.0,41.0
935,"(71, 64)",1.0,41.0
936,"(72, 63)",1.0,41.0
937,"(72, 66)",1.0,41.0
938,"(73, 63)",1.0,41.0
939,"(74, 63)",1.0,41.0
940,"(75, 63)",1.0,41.0
941,"(76, 63)",1.0,41.0
942,"(78, 66)",1.0,41.0
943,"(82, 70)",1.0,41.0
944,"(83, 77)",1.0,41.0
945,"(84, 72)",1.0,41.0
946,"(85, 74)",1.0,41.0
947,"(85, 75)",1.0,41.0
948,"(89, 76)",1.0,41.0
949,"(90, 76)",1.0,41.0
950,"(27, 82)",1.0,42.0
951,"(27, 83)",1.0,42.0
952,"(27, 86)",1.0,42.0
953,"(27, 87)",1.0,42.0
954,"(28, 84)",1.0,42.0
955,"(28, 87)",1.0,42.0
956,"(28, 89)",1.0,42.0
957,"(29, 82)",1.0,42.0
958,"(31, 88)",1.0,42.0
959,"(31, 89)",1.0,42.0
960,"(32, 81)",1.0,42.0
961,"(33, 81)",1.0,42.0
962,"(35, 81)",1.0,42.0
963,"(37, 72)",1.0,42.0
964,"(37, 73)",1.0,42.0
965,"(38, 69)",1.0,42.0
966,"(41, 77)",1.0,42.0
967,"(42, 65)",1.0,42.0
968,"(43, 75)",1.0,42.0
969,"(44, 64)",1.0,42.0
970,"(44, 66)",1.0,42.0
971,"(45, 64)",1.0,42.0
972,"(46, 64)",1.0,42.0
973,"(56, 63)",1.0,42.0
974,"(57, 64)",1.0,42.0
975,"(58, 62)",1.0,42.0
976,"(59, 62)",1.0,42.0
977,"(60, 62)",1.0,42.0
978,"(60, 63)",1.0,42.0
979,"(62, 61)",1.0,42.0
980,"(63, 61)",1.0,42.0
981,"(69, 62)",1.0,42.0
982,"(71, 63)",1.0,42.0
983,"(71, 65)",1.0,42.0
984,"(72, 62)",1.0,42.0
985,"(73, 62)",1.0,42.0
986,"(75, 62)",1.0,42.0
987,"(79, 65)",1.0,42.0
988,"(81, 69)",1.0,42.0
989,"(82, 69)",1.0,42.0
990,"(83, 70)",1.0,42.0
991,"(83, 78)",1.0,42.0
992,"(84, 73)",1.0,42.0
993,"(84, 78)",1.0,42.0
994,"(85, 71)",1.0,42.0
995,"(86, 75)",1.0,42.0
996,"(89, 75)",1.0,42.0
997,"(26, 81)",1.0,43.0
998,"(26, 82)",1.0,43.0
999,"(26, 83)",1.0,43.0
1000,"(26, 84)",1.0,43.0
1001,"(26, 85)",1.0,43.0
1002,"(26, 86)",1.0,43.0
1003,"(26, 87)",1.0,43.0
1004,"(27, 81)",1.0,43.0
1005,"(27, 88)",1.0,43.0
1006,"(30, 81)",1.0,43.0
1007,"(34, 80)",1.0,43.0
1008,"(34, 81)",1.0,43.0
1009,"(35, 80)",1.0,43.0
1010,"(36, 73)",1.0,43.0
1011,"(36, 81)",1.0,43.0
1012,"(38, 74)",1.0,43.0
1013,"(41, 65)",1.0,43.0
1014,"(41, 78)",1.0,43.0
1015,"(44, 63)",1.0,43.0
1016,"(45, 63)",1.0,43.0
1017,"(45, 66)",1.0,43.0
1018,"(55, 62)",1.0,43.0
1019,"(55, 64)",1.0,43.0
1020,"(56, 62)",1.0,43.0
1021,"(61, 61)",1.0,43.0
1022,"(61, 62)",1.0,43.0
1023,"(61, 63)",1.0,43.0
1024,"(62, 60)",1.0,43.0
1025,"(68, 61)",1.0,43.0
1026,"(71, 62)",1.0,43.0
1027,"(73, 61)",1.0,43.0
1028,"(74, 61)",1.0,43.0
1029,"(75, 61)",1.0,43.0
1030,"(76, 61)",1.0,43.0
1031,"(78, 64)",1.0,43.0
1032,"(80, 64)",1.0,43.0
1033,"(80, 66)",1.0,43.0
1034,"(80, 68)",1.0,43.0
1035,"(81, 68)",1.0,43.0
1036,"(84, 69)",1.0,43.0
1037,"(84, 70)",1.0,43.0
1038,"(84, 71)",1.0,43.0
1039,"(84, 79)",1.0,43.0
1040,"(85, 70)",1.0,43.0
1041,"(85, 72)",1.0,43.0
1042,"(85, 77)",1.0,43.0
1043,"(85, 78)",1.0,43.0
1044,"(87, 75)",1.0,43.0
1045,"(87, 76)",1.0,43.0
1046,"(88, 75)",1.0,43.0
1047,"(25, 80)",1.0,44.0
1048,"(25, 83)",1.0,44.0
1049,"(26, 88)",1.0,44.0
1050,"(27, 80)",1.0,44.0
1051,"(28, 80)",1.0,44.0
1052,"(30, 80)",1.0,44.0
1053,"(31, 81)",1.0,44.0
1054,"(34, 79)",1.0,44.0
1055,"(35, 73)",1.0,44.0
1056,"(35, 74)",1.0,44.0
1057,"(35, 79)",1.0,44.0
1058,"(36, 82)",1.0,44.0
1059,"(42, 78)",1.0,44.0
1060,"(42, 79)",1.0,44.0
1061,"(43, 64)",1.0,44.0
1062,"(44, 62)",1.0,44.0
1063,"(46, 62)",1.0,44.0
1064,"(54, 63)",1.0,44.0
1065,"(54, 65)",1.0,44.0
1066,"(60, 61)",1.0,44.0
1067,"(68, 60)",1.0,44.0
1068,"(70, 61)",1.0,44.0
1069,"(72, 60)",1.0,44.0
1070,"(74, 60)",1.0,44.0
1071,"(76, 60)",1.0,44.0
1072,"(77, 60)",1.0,44.0
1073,"(78, 63)",1.0,44.0
1074,"(79, 63)",1.0,44.0
1075,"(80, 67)",1.0,44.0
1076,"(81, 64)",1.0,44.0
1077,"(81, 65)",1.0,44.0
1078,"(82, 67)",1.0,44.0
1079,"(83, 71)",1.0,44.0
1080,"(83, 80)",1.0,44.0
1081,"(84, 68)",1.0,44.0
1082,"(85, 79)",1.0,44.0
1083,"(86, 70)",1.0,44.0
1084,"(86, 72)",1.0,44.0
1085,"(86, 77)",1.0,44.0
1086,"(86, 78)",1.0,44.0
1087,"(24, 79)",1.0,45.0
1088,"(24, 82)",1.0,45.0
1089,"(25, 79)",1.0,45.0
1090,"(25, 88)",1.0,45.0
1091,"(26, 79)",1.0,45.0
1092,"(26, 80)",1.0,45.0
1093,"(27, 79)",1.0,45.0
1094,"(27, 89)",1.0,45.0
1095,"(28, 79)",1.0,45.0
1096,"(29, 80)",1.0,45.0
1097,"(31, 80)",1.0,45.0
1098,"(34, 73)",1.0,45.0
1099,"(34, 74)",1.0,45.0
1100,"(35, 75)",1.0,45.0
1101,"(36, 78)",1.0,45.0
1102,"(37, 83)",1.0,45.0
1103,"(41, 79)",1.0,45.0
1104,"(42, 63)",1.0,45.0
1105,"(42, 80)",1.0,45.0
1106,"(44, 61)",1.0,45.0
1107,"(45, 61)",1.0,45.0
1108,"(54, 62)",1.0,45.0
1109,"(59, 60)",1.0,45.0
1110,"(69, 59)",1.0,45.0
1111,"(69, 60)",1.0,45.0
1112,"(70, 60)",1.0,45.0
1113,"(73, 59)",1.0,45.0
1114,"(75, 59)",1.0,45.0
1115,"(76, 59)",1.0,45.0
1116,"(77, 59)",1.0,45.0
1117,"(78, 59)",1.0,45.0
1118,"(78, 62)",1.0,45.0
1119,"(79, 62)",1.0,45.0
1120,"(80, 62)",1.0,45.0
1121,"(80, 63)",1.0,45.0
1122,"(82, 63)",1.0,45.0
1123,"(82, 64)",1.0,45.0
1124,"(82, 68)",1.0,45.0
1125,"(82, 80)",1.0,45.0
1126,"(83, 67)",1.0,45.0
1127,"(83, 68)",1.0,45.0
1128,"(84, 67)",1.0,45.0
1129,"(84, 80)",1.0,45.0
1130,"(87, 72)",1.0,45.0
1131,"(87, 73)",1.0,45.0
1132,"(23, 80)",1.0,46.0
1133,"(23, 81)",1.0,46.0
1134,"(23, 83)",1.0,46.0
1135,"(24, 78)",1.0,46.0
1136,"(24, 87)",1.0,46.0
1137,"(24, 88)",1.0,46.0
1138,"(25, 81)",1.0,46.0
1139,"(26, 89)",1.0,46.0
1140,"(27, 78)",1.0,46.0
1141,"(28, 78)",1.0,46.0
1142,"(29, 78)",1.0,46.0
1143,"(30, 79)",1.0,46.0
1144,"(33, 72)",1.0,46.0
1145,"(33, 73)",1.0,46.0
1146,"(33, 74)",1.0,46.0
1147,"(33, 75)",1.0,46.0
1148,"(35, 76)",1.0,46.0
1149,"(35, 77)",1.0,46.0
1150,"(36, 76)",1.0,46.0
1151,"(36, 77)",1.0,46.0
1152,"(36, 84)",1.0,46.0
1153,"(37, 82)",1.0,46.0
1154,"(38, 84)",1.0,46.0
1155,"(43, 61)",1.0,46.0
1156,"(43, 80)",1.0,46.0
1157,"(44, 60)",1.0,46.0
1158,"(45, 60)",1.0,46.0
1159,"(53, 63)",1.0,46.0
1160,"(55, 61)",1.0,46.0
1161,"(58, 60)",1.0,46.0
1162,"(59, 59)",1.0,46.0
1163,"(69, 61)",1.0,46.0
1164,"(70, 58)",1.0,46.0
1165,"(72, 58)",1.0,46.0
1166,"(72, 59)",1.0,46.0
1167,"(73, 58)",1.0,46.0
1168,"(75, 58)",1.0,46.0
1169,"(76, 58)",1.0,46.0
1170,"(77, 58)",1.0,46.0
1171,"(78, 58)",1.0,46.0
1172,"(78, 60)",1.0,46.0
1173,"(79, 59)",1.0,46.0
1174,"(79, 60)",1.0,46.0
1175,"(79, 61)",1.0,46.0
1176,"(80, 61)",1.0,46.0
1177,"(81, 61)",1.0,46.0
1178,"(82, 62)",1.0,46.0
1179,"(82, 81)",1.0,46.0
1180,"(88, 73)",1.0,46.0
1181,"(22, 80)",1.0,47.0
1182,"(22, 82)",1.0,47.0
1183,"(23, 77)",1.0,47.0
1184,"(23, 86)",1.0,47.0
1185,"(23, 87)",1.0,47.0
1186,"(23, 88)",1.0,47.0
1187,"(24, 80)",1.0,47.0
1188,"(24, 89)",1.0,47.0
1189,"(25, 77)",1.0,47.0
1190,"(26, 77)",1.0,47.0
1191,"(27, 77)",1.0,47.0
1192,"(28, 77)",1.0,47.0
1193,"(30, 77)",1.0,47.0
1194,"(30, 78)",1.0,47.0
1195,"(32, 71)",1.0,47.0
1196,"(32, 72)",1.0,47.0
1197,"(33, 71)",1.0,47.0
1198,"(36, 85)",1.0,47.0
1199,"(37, 76)",1.0,47.0
1200,"(37, 85)",1.0,47.0
1201,"(39, 84)",1.0,47.0
1202,"(45, 59)",1.0,47.0
1203,"(46, 60)",1.0,47.0
1204,"(52, 62)",1.0,47.0
1205,"(52, 63)",1.0,47.0
1206,"(54, 60)",1.0,47.0
1207,"(56, 60)",1.0,47.0
1208,"(57, 60)",1.0,47.0
1209,"(69, 57)",1.0,47.0
1210,"(69, 58)",1.0,47.0
1211,"(70, 57)",1.0,47.0
1212,"(71, 57)",1.0,47.0
1213,"(71, 58)",1.0,47.0
1214,"(72, 57)",1.0,47.0
1215,"(76, 57)",1.0,47.0
1216,"(77, 57)",1.0,47.0
1217,"(78, 57)",1.0,47.0
1218,"(79, 58)",1.0,47.0
1219,"(80, 58)",1.0,47.0
1220,"(80, 59)",1.0,47.0
1221,"(80, 60)",1.0,47.0
1222,"(82, 60)",1.0,47.0
1223,"(89, 72)",1.0,47.0
1224,"(21, 79)",1.0,48.0
1225,"(21, 83)",1.0,48.0
1226,"(23, 76)",1.0,48.0
1227,"(24, 85)",1.0,48.0
1228,"(24, 90)",1.0,48.0
1229,"(25, 76)",1.0,48.0
1230,"(25, 90)",1.0,48.0
1231,"(26, 76)",1.0,48.0
1232,"(27, 76)",1.0,48.0
1233,"(28, 76)",1.0,48.0
1234,"(30, 76)",1.0,48.0
1235,"(31, 71)",1.0,48.0
1236,"(31, 73)",1.0,48.0
1237,"(31, 76)",1.0,48.0
1238,"(31, 77)",1.0,48.0
1239,"(32, 70)",1.0,48.0
1240,"(37, 86)",1.0,48.0
1241,"(40, 85)",1.0,48.0
1242,"(46, 59)",1.0,48.0
1243,"(47, 59)",1.0,48.0
1244,"(51, 61)",1.0,48.0
1245,"(51, 62)",1.0,48.0
1246,"(55, 60)",1.0,48.0
1247,"(68, 57)",1.0,48.0
1248,"(70, 56)",1.0,48.0
1249,"(73, 56)",1.0,48.0
1250,"(76, 56)",1.0,48.0
1251,"(78, 56)",1.0,48.0
1252,"(79, 57)",1.0,48.0
1253,"(80, 57)",1.0,48.0
1254,"(81, 58)",1.0,48.0
1255,"(81, 59)",1.0,48.0
1256,"(81, 60)",1.0,48.0
1257,"(21, 82)",1.0,49.0
1258,"(22, 75)",1.0,49.0
1259,"(22, 78)",1.0,49.0
1260,"(23, 75)",1.0,49.0
1261,"(23, 85)",1.0,49.0
1262,"(25, 75)",1.0,49.0
1263,"(26, 75)",1.0,49.0
1264,"(26, 91)",1.0,49.0
1265,"(28, 75)",1.0,49.0
1266,"(30, 70)",1.0,49.0
1267,"(30, 72)",1.0,49.0
1268,"(30, 75)",1.0,49.0
1269,"(31, 70)",1.0,49.0
1270,"(31, 74)",1.0,49.0
1271,"(31, 75)",1.0,49.0
1272,"(32, 77)",1.0,49.0
1273,"(32, 78)",1.0,49.0
1274,"(33, 69)",1.0,49.0
1275,"(40, 84)",1.0,49.0
1276,"(47, 58)",1.0,49.0
1277,"(48, 60)",1.0,49.0
1278,"(50, 60)",1.0,49.0
1279,"(50, 62)",1.0,49.0
1280,"(50, 63)",1.0,49.0
1281,"(67, 56)",1.0,49.0
1282,"(68, 56)",1.0,49.0
1283,"(69, 55)",1.0,49.0
1284,"(69, 56)",1.0,49.0
1285,"(70, 55)",1.0,49.0
1286,"(71, 55)",1.0,49.0
1287,"(73, 55)",1.0,49.0
1288,"(75, 55)",1.0,49.0
1289,"(75, 56)",1.0,49.0
1290,"(77, 55)",1.0,49.0
1291,"(79, 55)",1.0,49.0
1292,"(81, 56)",1.0,49.0
1293,"(21, 76)",1.0,50.0
1294,"(21, 77)",1.0,50.0
1295,"(21, 81)",1.0,50.0
1296,"(22, 74)",1.0,50.0
1297,"(22, 76)",1.0,50.0
1298,"(27, 74)",1.0,50.0
1299,"(28, 74)",1.0,50.0
1300,"(29, 69)",1.0,50.0
1301,"(29, 70)",1.0,50.0
1302,"(29, 72)",1.0,50.0
1303,"(30, 69)",1.0,50.0
1304,"(30, 71)",1.0,50.0
1305,"(32, 68)",1.0,50.0
1306,"(33, 68)",1.0,50.0
1307,"(33, 77)",1.0,50.0
1308,"(34, 68)",1.0,50.0
1309,"(41, 84)",1.0,50.0
1310,"(46, 57)",1.0,50.0
1311,"(47, 57)",1.0,50.0
1312,"(48, 58)",1.0,50.0
1313,"(48, 61)",1.0,50.0
1314,"(49, 61)",1.0,50.0
1315,"(49, 62)",1.0,50.0
1316,"(49, 63)",1.0,50.0
1317,"(50, 59)",1.0,50.0
1318,"(51, 59)",1.0,50.0
1319,"(66, 55)",1.0,50.0
1320,"(66, 56)",1.0,50.0
1321,"(67, 57)",1.0,50.0
1322,"(68, 55)",1.0,50.0
1323,"(70, 54)",1.0,50.0
1324,"(74, 54)",1.0,50.0
1325,"(76, 54)",1.0,50.0
1326,"(76, 55)",1.0,50.0
1327,"(79, 54)",1.0,50.0
1328,"(80, 54)",1.0,50.0
1329,"(80, 55)",1.0,50.0
1330,"(81, 57)",1.0,50.0
1331,"(82, 56)",1.0,50.0
1332,"(20, 75)",1.0,51.0
1333,"(20, 76)",1.0,51.0
1334,"(20, 77)",1.0,51.0
1335,"(21, 73)",1.0,51.0
1336,"(21, 75)",1.0,51.0
1337,"(22, 77)",1.0,51.0
1338,"(26, 73)",1.0,51.0
1339,"(27, 73)",1.0,51.0
1340,"(28, 69)",1.0,51.0
1341,"(28, 70)",1.0,51.0
1342,"(29, 73)",1.0,51.0
1343,"(32, 67)",1.0,51.0
1344,"(33, 76)",1.0,51.0
1345,"(34, 78)",1.0,51.0
1346,"(42, 83)",1.0,51.0
1347,"(42, 84)",1.0,51.0
1348,"(42, 85)",1.0,51.0
1349,"(47, 56)",1.0,51.0
1350,"(48, 62)",1.0,51.0
1351,"(49, 57)",1.0,51.0
1352,"(49, 59)",1.0,51.0
1353,"(49, 60)",1.0,51.0
1354,"(50, 61)",1.0,51.0
1355,"(51, 58)",1.0,51.0
1356,"(51, 60)",1.0,51.0
1357,"(65, 54)",1.0,51.0
1358,"(65, 57)",1.0,51.0
1359,"(66, 57)",1.0,51.0
1360,"(69, 53)",1.0,51.0
1361,"(71, 53)",1.0,51.0
1362,"(75, 54)",1.0,51.0
1363,"(77, 53)",1.0,51.0
1364,"(79, 53)",1.0,51.0
1365,"(81, 54)",1.0,51.0
1366,"(83, 55)",1.0,51.0
1367,"(83, 56)",1.0,51.0
1368,"(83, 57)",1.0,51.0
1369,"(19, 76)",1.0,52.0
1370,"(19, 77)",1.0,52.0
1371,"(20, 74)",1.0,52.0
1372,"(20, 78)",1.0,52.0
1373,"(22, 73)",1.0,52.0
1374,"(27, 68)",1.0,52.0
1375,"(27, 70)",1.0,52.0
1376,"(27, 71)",1.0,52.0
1377,"(27, 72)",1.0,52.0
1378,"(41, 82)",1.0,52.0
1379,"(42, 82)",1.0,52.0
1380,"(43, 84)",1.0,52.0
1381,"(43, 85)",1.0,52.0
1382,"(48, 63)",1.0,52.0
1383,"(50, 58)",1.0,52.0
1384,"(51, 57)",1.0,52.0
1385,"(64, 54)",1.0,52.0
1386,"(64, 55)",1.0,52.0
1387,"(64, 56)",1.0,52.0
1388,"(66, 54)",1.0,52.0
1389,"(66, 58)",1.0,52.0
1390,"(68, 52)",1.0,52.0
1391,"(68, 53)",1.0,52.0
1392,"(68, 54)",1.0,52.0
1393,"(70, 53)",1.0,52.0
1394,"(71, 52)",1.0,52.0
1395,"(72, 53)",1.0,52.0
1396,"(77, 52)",1.0,52.0
1397,"(78, 52)",1.0,52.0
1398,"(79, 52)",1.0,52.0
1399,"(80, 52)",1.0,52.0
1400,"(81, 53)",1.0,52.0
1401,"(82, 53)",1.0,52.0
1402,"(82, 54)",1.0,52.0
1403,"(84, 55)",1.0,52.0
1404,"(84, 57)",1.0,52.0
1405,"(18, 78)",1.0,53.0
1406,"(19, 78)",1.0,53.0
1407,"(19, 79)",1.0,53.0
1408,"(20, 79)",1.0,53.0
1409,"(23, 72)",1.0,53.0
1410,"(26, 68)",1.0,53.0
1411,"(26, 69)",1.0,53.0
1412,"(26, 70)",1.0,53.0
1413,"(26, 71)",1.0,53.0
1414,"(28, 68)",1.0,53.0
1415,"(40, 83)",1.0,53.0
1416,"(42, 81)",1.0,53.0
1417,"(42, 86)",1.0,53.0
1418,"(43, 83)",1.0,53.0
1419,"(47, 63)",1.0,53.0
1420,"(63, 54)",1.0,53.0
1421,"(63, 56)",1.0,53.0
1422,"(63, 57)",1.0,53.0
1423,"(65, 59)",1.0,53.0
1424,"(66, 59)",1.0,53.0
1425,"(69, 52)",1.0,53.0
1426,"(71, 51)",1.0,53.0
1427,"(72, 51)",1.0,53.0
1428,"(72, 52)",1.0,53.0
1429,"(77, 51)",1.0,53.0
1430,"(81, 52)",1.0,53.0
1431,"(82, 52)",1.0,53.0
1432,"(83, 53)",1.0,53.0
1433,"(85, 55)",1.0,53.0
1434,"(17, 77)",1.0,54.0
1435,"(18, 80)",1.0,54.0
1436,"(24, 71)",1.0,54.0
1437,"(25, 67)",1.0,54.0
1438,"(25, 68)",1.0,54.0
1439,"(25, 69)",1.0,54.0
1440,"(25, 70)",1.0,54.0
1441,"(29, 67)",1.0,54.0
1442,"(40, 82)",1.0,54.0
1443,"(41, 87)",1.0,54.0
1444,"(42, 87)",1.0,54.0
1445,"(62, 54)",1.0,54.0
1446,"(62, 55)",1.0,54.0
1447,"(62, 56)",1.0,54.0
1448,"(62, 57)",1.0,54.0
1449,"(65, 60)",1.0,54.0
1450,"(66, 60)",1.0,54.0
1451,"(69, 51)",1.0,54.0
1452,"(70, 50)",1.0,54.0
1453,"(71, 50)",1.0,54.0
1454,"(72, 50)",1.0,54.0
1455,"(76, 50)",1.0,54.0
1456,"(76, 52)",1.0,54.0
1457,"(77, 50)",1.0,54.0
1458,"(78, 50)",1.0,54.0
1459,"(81, 51)",1.0,54.0
1460,"(82, 51)",1.0,54.0
1461,"(83, 52)",1.0,54.0
1462,"(84, 52)",1.0,54.0
1463,"(84, 53)",1.0,54.0
1464,"(85, 54)",1.0,54.0
1465,"(85, 56)",1.0,54.0
1466,"(86, 55)",1.0,54.0
1467,"(17, 78)",1.0,55.0
1468,"(18, 76)",1.0,55.0
1469,"(24, 68)",1.0,55.0
1470,"(24, 70)",1.0,55.0
1471,"(28, 66)",1.0,55.0
1472,"(30, 66)",1.0,55.0
1473,"(30, 68)",1.0,55.0
1474,"(39, 81)",1.0,55.0
1475,"(41, 88)",1.0,55.0
1476,"(61, 56)",1.0,55.0
1477,"(61, 58)",1.0,55.0
1478,"(69, 50)",1.0,55.0
1479,"(72, 49)",1.0,55.0
1480,"(75, 49)",1.0,55.0
1481,"(75, 50)",1.0,55.0
1482,"(75, 52)",1.0,55.0
1483,"(76, 49)",1.0,55.0
1484,"(77, 49)",1.0,55.0
1485,"(79, 49)",1.0,55.0
1486,"(79, 50)",1.0,55.0
1487,"(81, 50)",1.0,55.0
1488,"(82, 50)",1.0,55.0
1489,"(85, 53)",1.0,55.0
1490,"(87, 55)",1.0,55.0
1491,"(16, 78)",1.0,56.0
1492,"(17, 75)",1.0,56.0
1493,"(18, 75)",1.0,56.0
1494,"(23, 67)",1.0,56.0
1495,"(23, 68)",1.0,56.0
1496,"(27, 65)",1.0,56.0
1497,"(27, 66)",1.0,56.0
1498,"(28, 65)",1.0,56.0
1499,"(30, 67)",1.0,56.0
1500,"(38, 80)",1.0,56.0
1501,"(38, 81)",1.0,56.0
1502,"(40, 87)",1.0,56.0
1503,"(60, 55)",1.0,56.0
1504,"(60, 57)",1.0,56.0
1505,"(61, 59)",1.0,56.0
1506,"(62, 58)",1.0,56.0
1507,"(74, 49)",1.0,56.0
1508,"(74, 50)",1.0,56.0
1509,"(75, 48)",1.0,56.0
1510,"(75, 51)",1.0,56.0
1511,"(76, 48)",1.0,56.0
1512,"(77, 48)",1.0,56.0
1513,"(78, 48)",1.0,56.0
1514,"(78, 49)",1.0,56.0
1515,"(79, 48)",1.0,56.0
1516,"(80, 48)",1.0,56.0
1517,"(80, 49)",1.0,56.0
1518,"(80, 50)",1.0,56.0
1519,"(81, 49)",1.0,56.0
1520,"(82, 49)",1.0,56.0
1521,"(88, 55)",1.0,56.0
1522,"(15, 77)",1.0,57.0
1523,"(15, 78)",1.0,57.0
1524,"(16, 74)",1.0,57.0
1525,"(16, 77)",1.0,57.0
1526,"(17, 74)",1.0,57.0
1527,"(17, 76)",1.0,57.0
1528,"(18, 74)",1.0,57.0
1529,"(22, 67)",1.0,57.0
1530,"(22, 69)",1.0,57.0
1531,"(26, 64)",1.0,57.0
1532,"(26, 65)",1.0,57.0
1533,"(37, 79)",1.0,57.0
1534,"(37, 81)",1.0,57.0
1535,"(59, 54)",1.0,57.0
1536,"(59, 57)",1.0,57.0
1537,"(73, 48)",1.0,57.0
1538,"(75, 47)",1.0,57.0
1539,"(78, 47)",1.0,57.0
1540,"(79, 47)",1.0,57.0
1541,"(83, 48)",1.0,57.0
1542,"(89, 54)",1.0,57.0
1543,"(89, 56)",1.0,57.0
1544,"(15, 74)",1.0,58.0
1545,"(15, 75)",1.0,58.0
1546,"(19, 73)",1.0,58.0
1547,"(21, 66)",1.0,58.0
1548,"(21, 70)",1.0,58.0
1549,"(22, 68)",1.0,58.0
1550,"(22, 70)",1.0,58.0
1551,"(25, 64)",1.0,58.0
1552,"(25, 65)",1.0,58.0
1553,"(25, 66)",1.0,58.0
1554,"(27, 64)",1.0,58.0
1555,"(58, 54)",1.0,58.0
1556,"(60, 53)",1.0,58.0
1557,"(72, 47)",1.0,58.0
1558,"(74, 46)",1.0,58.0
1559,"(78, 46)",1.0,58.0
1560,"(83, 47)",1.0,58.0
1561,"(84, 49)",1.0,58.0
1562,"(88, 53)",1.0,58.0
1563,"(88, 57)",1.0,58.0
1564,"(89, 53)",1.0,58.0
1565,"(89, 55)",1.0,58.0
1566,"(89, 57)",1.0,58.0
1567,"(90, 53)",1.0,58.0
1568,"(90, 55)",1.0,58.0
1569,"(14, 74)",1.0,59.0
1570,"(15, 73)",1.0,59.0
1571,"(18, 72)",1.0,59.0
1572,"(19, 72)",1.0,59.0
1573,"(20, 65)",1.0,59.0
1574,"(20, 69)",1.0,59.0
1575,"(20, 71)",1.0,59.0
1576,"(22, 71)",1.0,59.0
1577,"(27, 63)",1.0,59.0
1578,"(28, 63)",1.0,59.0
1579,"(57, 53)",1.0,59.0
1580,"(57, 54)",1.0,59.0
1581,"(57, 55)",1.0,59.0
1582,"(58, 53)",1.0,59.0
1583,"(58, 55)",1.0,59.0
1584,"(59, 53)",1.0,59.0
1585,"(61, 52)",1.0,59.0
1586,"(61, 54)",1.0,59.0
1587,"(71, 47)",1.0,59.0
1588,"(72, 46)",1.0,59.0
1589,"(72, 48)",1.0,59.0
1590,"(74, 45)",1.0,59.0
1591,"(75, 45)",1.0,59.0
1592,"(75, 46)",1.0,59.0
1593,"(82, 46)",1.0,59.0
1594,"(84, 47)",1.0,59.0
1595,"(85, 49)",1.0,59.0
1596,"(85, 50)",1.0,59.0
1597,"(87, 52)",1.0,59.0
1598,"(87, 58)",1.0,59.0
1599,"(88, 54)",1.0,59.0
1600,"(88, 58)",1.0,59.0
1601,"(89, 52)",1.0,59.0
1602,"(90, 54)",1.0,59.0
1603,"(91, 54)",1.0,59.0
1604,"(13, 74)",1.0,60.0
1605,"(13, 75)",1.0,60.0
1606,"(15, 72)",1.0,60.0
1607,"(17, 71)",1.0,60.0
1608,"(17, 72)",1.0,60.0
1609,"(18, 71)",1.0,60.0
1610,"(19, 65)",1.0,60.0
1611,"(19, 70)",1.0,60.0
1612,"(21, 71)",1.0,60.0
1613,"(28, 62)",1.0,60.0
1614,"(29, 63)",1.0,60.0
1615,"(56, 53)",1.0,60.0
1616,"(57, 52)",1.0,60.0
1617,"(57, 56)",1.0,60.0
1618,"(59, 52)",1.0,60.0
1619,"(59, 55)",1.0,60.0
1620,"(62, 51)",1.0,60.0
1621,"(62, 52)",1.0,60.0
1622,"(70, 48)",1.0,60.0
1623,"(71, 46)",1.0,60.0
1624,"(73, 44)",1.0,60.0
1625,"(73, 45)",1.0,60.0
1626,"(73, 46)",1.0,60.0
1627,"(74, 44)",1.0,60.0
1628,"(75, 44)",1.0,60.0
1629,"(76, 45)",1.0,60.0
1630,"(81, 46)",1.0,60.0
1631,"(82, 45)",1.0,60.0
1632,"(83, 45)",1.0,60.0
1633,"(84, 50)",1.0,60.0
1634,"(85, 47)",1.0,60.0
1635,"(85, 51)",1.0,60.0
1636,"(86, 49)",1.0,60.0
1637,"(86, 53)",1.0,60.0
1638,"(86, 58)",1.0,60.0
1639,"(86, 59)",1.0,60.0
1640,"(87, 53)",1.0,60.0
1641,"(87, 57)",1.0,60.0
1642,"(88, 51)",1.0,60.0
1643,"(88, 59)",1.0,60.0
1644,"(91, 53)",1.0,60.0
1645,"(92, 54)",1.0,60.0
1646,"(92, 55)",1.0,60.0
1647,"(12, 75)",1.0,61.0
1648,"(12, 76)",1.0,61.0
1649,"(13, 76)",1.0,61.0
1650,"(14, 71)",1.0,61.0
1651,"(14, 72)",1.0,61.0
1652,"(14, 76)",1.0,61.0
1653,"(15, 71)",1.0,61.0
1654,"(16, 70)",1.0,61.0
1655,"(16, 71)",1.0,61.0
1656,"(18, 64)",1.0,61.0
1657,"(18, 69)",1.0,61.0
1658,"(18, 70)",1.0,61.0
1659,"(19, 66)",1.0,61.0
1660,"(19, 69)",1.0,61.0
1661,"(29, 62)",1.0,61.0
1662,"(29, 64)",1.0,61.0
1663,"(55, 52)",1.0,61.0
1664,"(55, 54)",1.0,61.0
1665,"(56, 51)",1.0,61.0
1666,"(57, 51)",1.0,61.0
1667,"(63, 50)",1.0,61.0
1668,"(63, 51)",1.0,61.0
1669,"(63, 52)",1.0,61.0
1670,"(70, 47)",1.0,61.0
1671,"(71, 45)",1.0,61.0
1672,"(72, 43)",1.0,61.0
1673,"(72, 44)",1.0,61.0
1674,"(73, 43)",1.0,61.0
1675,"(80, 45)",1.0,61.0
1676,"(81, 47)",1.0,61.0
1677,"(84, 44)",1.0,61.0
1678,"(84, 46)",1.0,61.0
1679,"(85, 58)",1.0,61.0
1680,"(86, 47)",1.0,61.0
1681,"(86, 50)",1.0,61.0
1682,"(86, 52)",1.0,61.0
1683,"(87, 48)",1.0,61.0
1684,"(87, 50)",1.0,61.0
1685,"(88, 60)",1.0,61.0
1686,"(89, 50)",1.0,61.0
1687,"(89, 60)",1.0,61.0
1688,"(91, 56)",1.0,61.0
1689,"(92, 52)",1.0,61.0
1690,"(92, 56)",1.0,61.0
1691,"(93, 55)",1.0,61.0
1692,"(93, 56)",1.0,61.0
1693,"(11, 75)",1.0,62.0
1694,"(11, 76)",1.0,62.0
1695,"(12, 74)",1.0,62.0
1696,"(12, 77)",1.0,62.0
1697,"(13, 71)",1.0,62.0
1698,"(13, 72)",1.0,62.0
1699,"(13, 77)",1.0,62.0
1700,"(14, 70)",1.0,62.0
1701,"(14, 77)",1.0,62.0
1702,"(17, 63)",1.0,62.0
1703,"(17, 68)",1.0,62.0
1704,"(17, 69)",1.0,62.0
1705,"(18, 63)",1.0,62.0
1706,"(18, 66)",1.0,62.0
1707,"(19, 68)",1.0,62.0
1708,"(28, 61)",1.0,62.0
1709,"(30, 62)",1.0,62.0
1710,"(54, 53)",1.0,62.0
1711,"(54, 55)",1.0,62.0
1712,"(55, 51)",1.0,62.0
1713,"(55, 55)",1.0,62.0
1714,"(57, 50)",1.0,62.0
1715,"(62, 50)",1.0,62.0
1716,"(63, 49)",1.0,62.0
1717,"(64, 49)",1.0,62.0
1718,"(64, 50)",1.0,62.0
1719,"(70, 45)",1.0,62.0
1720,"(71, 42)",1.0,62.0
1721,"(74, 42)",1.0,62.0
1722,"(87, 46)",1.0,62.0
1723,"(87, 47)",1.0,62.0
1724,"(87, 49)",1.0,62.0
1725,"(87, 60)",1.0,62.0
1726,"(88, 47)",1.0,62.0
1727,"(88, 49)",1.0,62.0
1728,"(90, 50)",1.0,62.0
1729,"(90, 51)",1.0,62.0
1730,"(90, 59)",1.0,62.0
1731,"(90, 60)",1.0,62.0
1732,"(94, 55)",1.0,62.0
1733,"(10, 74)",1.0,63.0
1734,"(11, 74)",1.0,63.0
1735,"(11, 77)",1.0,63.0
1736,"(12, 72)",1.0,63.0
1737,"(12, 73)",1.0,63.0
1738,"(13, 78)",1.0,63.0
1739,"(16, 64)",1.0,63.0
1740,"(16, 68)",1.0,63.0
1741,"(17, 64)",1.0,63.0
1742,"(17, 66)",1.0,63.0
1743,"(17, 67)",1.0,63.0
1744,"(19, 67)",1.0,63.0
1745,"(27, 61)",1.0,63.0
1746,"(31, 61)",1.0,63.0
1747,"(31, 62)",1.0,63.0
1748,"(53, 52)",1.0,63.0
1749,"(53, 54)",1.0,63.0
1750,"(55, 53)",1.0,63.0
1751,"(55, 56)",1.0,63.0
1752,"(58, 49)",1.0,63.0
1753,"(62, 48)",1.0,63.0
1754,"(62, 49)",1.0,63.0
1755,"(63, 48)",1.0,63.0
1756,"(64, 48)",1.0,63.0
1757,"(65, 51)",1.0,63.0
1758,"(70, 43)",1.0,63.0
1759,"(70, 44)",1.0,63.0
1760,"(72, 41)",1.0,63.0
1761,"(73, 41)",1.0,63.0
1762,"(86, 45)",1.0,63.0
1763,"(87, 61)",1.0,63.0
1764,"(88, 45)",1.0,63.0
1765,"(88, 48)",1.0,63.0
1766,"(89, 47)",1.0,63.0
1767,"(89, 48)",1.0,63.0
1768,"(91, 49)",1.0,63.0
1769,"(91, 51)",1.0,63.0
1770,"(91, 52)",1.0,63.0
1771,"(91, 59)",1.0,63.0
1772,"(95, 54)",1.0,63.0
1773,"(95, 55)",1.0,63.0
1774,"(9, 73)",1.0,64.0
1775,"(10, 73)",1.0,64.0
1776,"(10, 78)",1.0,64.0
1777,"(11, 72)",1.0,64.0
1778,"(11, 73)",1.0,64.0
1779,"(15, 64)",1.0,64.0
1780,"(16, 63)",1.0,64.0
1781,"(26, 60)",1.0,64.0
1782,"(26, 61)",1.0,64.0
1783,"(52, 53)",1.0,64.0
1784,"(52, 55)",1.0,64.0
1785,"(53, 53)",1.0,64.0
1786,"(55, 57)",1.0,64.0
1787,"(56, 57)",1.0,64.0
1788,"(58, 48)",1.0,64.0
1789,"(59, 48)",1.0,64.0
1790,"(59, 50)",1.0,64.0
1791,"(61, 47)",1.0,64.0
1792,"(61, 48)",1.0,64.0
1793,"(65, 52)",1.0,64.0
1794,"(66, 51)",1.0,64.0
1795,"(69, 42)",1.0,64.0
1796,"(69, 43)",1.0,64.0
1797,"(69, 45)",1.0,64.0
1798,"(71, 40)",1.0,64.0
1799,"(71, 41)",1.0,64.0
1800,"(72, 40)",1.0,64.0
1801,"(73, 40)",1.0,64.0
1802,"(74, 40)",1.0,64.0
1803,"(86, 61)",1.0,64.0
1804,"(87, 44)",1.0,64.0
1805,"(89, 46)",1.0,64.0
1806,"(90, 47)",1.0,64.0
1807,"(90, 48)",1.0,64.0
1808,"(91, 50)",1.0,64.0
1809,"(92, 48)",1.0,64.0
1810,"(92, 49)",1.0,64.0
1811,"(92, 50)",1.0,64.0
1812,"(96, 53)",1.0,64.0
1813,"(96, 54)",1.0,64.0
1814,"(96, 56)",1.0,64.0
1815,"(8, 73)",1.0,65.0
1816,"(9, 79)",1.0,65.0
1817,"(10, 72)",1.0,65.0
1818,"(11, 71)",1.0,65.0
1819,"(14, 64)",1.0,65.0
1820,"(15, 62)",1.0,65.0
1821,"(25, 59)",1.0,65.0
1822,"(25, 60)",1.0,65.0
1823,"(25, 61)",1.0,65.0
1824,"(25, 62)",1.0,65.0
1825,"(26, 59)",1.0,65.0
1826,"(51, 53)",1.0,65.0
1827,"(51, 54)",1.0,65.0
1828,"(52, 52)",1.0,65.0
1829,"(53, 56)",1.0,65.0
1830,"(56, 58)",1.0,65.0
1831,"(57, 58)",1.0,65.0
1832,"(58, 47)",1.0,65.0
1833,"(59, 49)",1.0,65.0
1834,"(60, 46)",1.0,65.0
1835,"(60, 47)",1.0,65.0
1836,"(60, 50)",1.0,65.0
1837,"(60, 51)",1.0,65.0
1838,"(66, 52)",1.0,65.0
1839,"(68, 42)",1.0,65.0
1840,"(68, 44)",1.0,65.0
1841,"(68, 46)",1.0,65.0
1842,"(69, 41)",1.0,65.0
1843,"(70, 40)",1.0,65.0
1844,"(71, 39)",1.0,65.0
1845,"(85, 60)",1.0,65.0
1846,"(86, 43)",1.0,65.0
1847,"(87, 43)",1.0,65.0
1848,"(88, 43)",1.0,65.0
1849,"(91, 46)",1.0,65.0
1850,"(91, 47)",1.0,65.0
1851,"(91, 48)",1.0,65.0
1852,"(92, 47)",1.0,65.0
1853,"(93, 50)",1.0,65.0
1854,"(95, 53)",1.0,65.0
1855,"(97, 56)",1.0,65.0
1856,"(8, 72)",1.0,66.0
1857,"(8, 79)",1.0,66.0
1858,"(9, 71)",1.0,66.0
1859,"(9, 74)",1.0,66.0
1860,"(11, 70)",1.0,66.0
1861,"(13, 65)",1.0,66.0
1862,"(14, 62)",1.0,66.0
1863,"(15, 65)",1.0,66.0
1864,"(16, 62)",1.0,66.0
1865,"(24, 59)",1.0,66.0
1866,"(24, 60)",1.0,66.0
1867,"(24, 62)",1.0,66.0
1868,"(25, 63)",1.0,66.0
1869,"(26, 58)",1.0,66.0
1870,"(50, 52)",1.0,66.0
1871,"(50, 53)",1.0,66.0
1872,"(51, 51)",1.0,66.0
1873,"(51, 52)",1.0,66.0
1874,"(52, 56)",1.0,66.0
1875,"(59, 46)",1.0,66.0
1876,"(60, 45)",1.0,66.0
1877,"(67, 41)",1.0,66.0
1878,"(67, 42)",1.0,66.0
1879,"(67, 43)",1.0,66.0
1880,"(67, 45)",1.0,66.0
1881,"(67, 47)",1.0,66.0
1882,"(67, 51)",1.0,66.0
1883,"(68, 40)",1.0,66.0
1884,"(69, 40)",1.0,66.0
1885,"(70, 38)",1.0,66.0
1886,"(84, 60)",1.0,66.0
1887,"(85, 44)",1.0,66.0
1888,"(86, 42)",1.0,66.0
1889,"(86, 44)",1.0,66.0
1890,"(89, 42)",1.0,66.0
1891,"(89, 43)",1.0,66.0
1892,"(90, 45)",1.0,66.0
1893,"(92, 45)",1.0,66.0
1894,"(92, 46)",1.0,66.0
1895,"(93, 46)",1.0,66.0
1896,"(93, 51)",1.0,66.0
1897,"(7, 71)",1.0,67.0
1898,"(7, 79)",1.0,67.0
1899,"(7, 80)",1.0,67.0
1900,"(8, 75)",1.0,67.0
1901,"(9, 75)",1.0,67.0
1902,"(10, 69)",1.0,67.0
1903,"(10, 70)",1.0,67.0
1904,"(12, 64)",1.0,67.0
1905,"(12, 65)",1.0,67.0
1906,"(12, 66)",1.0,67.0
1907,"(13, 62)",1.0,67.0
1908,"(14, 66)",1.0,67.0
1909,"(17, 61)",1.0,67.0
1910,"(23, 59)",1.0,67.0
1911,"(23, 60)",1.0,67.0
1912,"(23, 63)",1.0,67.0
1913,"(24, 58)",1.0,67.0
1914,"(25, 57)",1.0,67.0
1915,"(25, 58)",1.0,67.0
1916,"(26, 57)",1.0,67.0
1917,"(49, 52)",1.0,67.0
1918,"(49, 53)",1.0,67.0
1919,"(49, 54)",1.0,67.0
1920,"(50, 51)",1.0,67.0
1921,"(59, 44)",1.0,67.0
1922,"(60, 44)",1.0,67.0
1923,"(66, 42)",1.0,67.0
1924,"(66, 45)",1.0,67.0
1925,"(67, 39)",1.0,67.0
1926,"(67, 44)",1.0,67.0
1927,"(67, 46)",1.0,67.0
1928,"(68, 51)",1.0,67.0
1929,"(69, 37)",1.0,67.0
1930,"(69, 39)",1.0,67.0
1931,"(87, 41)",1.0,67.0
1932,"(89, 44)",1.0,67.0
1933,"(90, 41)",1.0,67.0
1934,"(90, 42)",1.0,67.0
1935,"(90, 46)",1.0,67.0
1936,"(91, 45)",1.0,67.0
1937,"(92, 44)",1.0,67.0
1938,"(93, 45)",1.0,67.0
1939,"(94, 45)",1.0,67.0
1940,"(94, 46)",1.0,67.0
1941,"(94, 47)",1.0,67.0
1942,"(94, 50)",1.0,67.0
1943,"(6, 78)",1.0,68.0
1944,"(6, 79)",1.0,68.0
1945,"(6, 80)",1.0,68.0
1946,"(6, 81)",1.0,68.0
1947,"(7, 75)",1.0,68.0
1948,"(7, 76)",1.0,68.0
1949,"(8, 76)",1.0,68.0
1950,"(8, 80)",1.0,68.0
1951,"(9, 69)",1.0,68.0
1952,"(9, 76)",1.0,68.0
1953,"(11, 64)",1.0,68.0
1954,"(11, 67)",1.0,68.0
1955,"(11, 68)",1.0,68.0
1956,"(12, 63)",1.0,68.0
1957,"(13, 66)",1.0,68.0
1958,"(13, 67)",1.0,68.0
1959,"(16, 60)",1.0,68.0
1960,"(16, 61)",1.0,68.0
1961,"(18, 61)",1.0,68.0
1962,"(22, 58)",1.0,68.0
1963,"(22, 60)",1.0,68.0
1964,"(22, 61)",1.0,68.0
1965,"(23, 62)",1.0,68.0
1966,"(24, 56)",1.0,68.0
1967,"(25, 56)",1.0,68.0
1968,"(27, 56)",1.0,68.0
1969,"(48, 51)",1.0,68.0
1970,"(48, 52)",1.0,68.0
1971,"(48, 53)",1.0,68.0
1972,"(48, 55)",1.0,68.0
1973,"(58, 43)",1.0,68.0
1974,"(58, 44)",1.0,68.0
1975,"(58, 45)",1.0,68.0
1976,"(60, 43)",1.0,68.0
1977,"(61, 43)",1.0,68.0
1978,"(61, 44)",1.0,68.0
1979,"(65, 41)",1.0,68.0
1980,"(65, 43)",1.0,68.0
1981,"(65, 46)",1.0,68.0
1982,"(66, 38)",1.0,68.0
1983,"(66, 39)",1.0,68.0
1984,"(67, 38)",1.0,68.0
1985,"(69, 36)",1.0,68.0
1986,"(70, 36)",1.0,68.0
1987,"(86, 40)",1.0,68.0
1988,"(86, 41)",1.0,68.0
1989,"(90, 40)",1.0,68.0
1990,"(91, 42)",1.0,68.0
1991,"(93, 43)",1.0,68.0
1992,"(94, 44)",1.0,68.0
1993,"(94, 48)",1.0,68.0
1994,"(95, 44)",1.0,68.0
1995,"(95, 45)",1.0,68.0
1996,"(95, 48)",1.0,68.0
1997,"(5, 78)",1.0,69.0
1998,"(5, 80)",1.0,69.0
1999,"(5, 81)",1.0,69.0
2000,"(6, 76)",1.0,69.0
2001,"(6, 77)",1.0,69.0
2002,"(6, 82)",1.0,69.0
2003,"(7, 77)",1.0,69.0
2004,"(7, 81)",1.0,69.0
2005,"(8, 68)",1.0,69.0
2006,"(8, 77)",1.0,69.0
2007,"(9, 81)",1.0,69.0
2008,"(10, 66)",1.0,69.0
2009,"(10, 68)",1.0,69.0
2010,"(12, 67)",1.0,69.0
2011,"(12, 68)",1.0,69.0
2012,"(13, 68)",1.0,69.0
2013,"(14, 68)",1.0,69.0
2014,"(15, 61)",1.0,69.0
2015,"(18, 62)",1.0,69.0
2016,"(19, 60)",1.0,69.0
2017,"(19, 62)",1.0,69.0
2018,"(21, 57)",1.0,69.0
2019,"(21, 58)",1.0,69.0
2020,"(21, 60)",1.0,69.0
2021,"(21, 61)",1.0,69.0
2022,"(22, 59)",1.0,69.0
2023,"(22, 63)",1.0,69.0
2024,"(23, 55)",1.0,69.0
2025,"(25, 55)",1.0,69.0
2026,"(26, 55)",1.0,69.0
2027,"(27, 57)",1.0,69.0
2028,"(47, 51)",1.0,69.0
2029,"(47, 54)",1.0,69.0
2030,"(48, 50)",1.0,69.0
2031,"(49, 50)",1.0,69.0
2032,"(49, 56)",1.0,69.0
2033,"(57, 43)",1.0,69.0
2034,"(57, 44)",1.0,69.0
2035,"(57, 45)",1.0,69.0
2036,"(59, 42)",1.0,69.0
2037,"(59, 43)",1.0,69.0
2038,"(60, 42)",1.0,69.0
2039,"(61, 42)",1.0,69.0
2040,"(64, 40)",1.0,69.0
2041,"(64, 42)",1.0,69.0
2042,"(64, 43)",1.0,69.0
2043,"(64, 46)",1.0,69.0
2044,"(65, 37)",1.0,69.0
2045,"(65, 39)",1.0,69.0
2046,"(66, 37)",1.0,69.0
2047,"(66, 47)",1.0,69.0
2048,"(67, 37)",1.0,69.0
2049,"(68, 36)",1.0,69.0
2050,"(70, 35)",1.0,69.0
2051,"(71, 35)",1.0,69.0
2052,"(86, 39)",1.0,69.0
2053,"(89, 40)",1.0,69.0
2054,"(91, 41)",1.0,69.0
2055,"(92, 42)",1.0,69.0
2056,"(94, 42)",1.0,69.0
2057,"(94, 49)",1.0,69.0
2058,"(95, 49)",1.0,69.0
2059,"(96, 44)",1.0,69.0
2060,"(96, 46)",1.0,69.0
2061,"(96, 47)",1.0,69.0
2062,"(4, 77)",1.0,70.0
2063,"(4, 79)",1.0,70.0
2064,"(4, 81)",1.0,70.0
2065,"(4, 82)",1.0,70.0
2066,"(5, 76)",1.0,70.0
2067,"(5, 77)",1.0,70.0
2068,"(7, 67)",1.0,70.0
2069,"(7, 69)",1.0,70.0
2070,"(8, 82)",1.0,70.0
2071,"(9, 65)",1.0,70.0
2072,"(10, 82)",1.0,70.0
2073,"(12, 69)",1.0,70.0
2074,"(13, 69)",1.0,70.0
2075,"(14, 60)",1.0,70.0
2076,"(14, 69)",1.0,70.0
2077,"(18, 59)",1.0,70.0
2078,"(20, 57)",1.0,70.0
2079,"(20, 58)",1.0,70.0
2080,"(20, 63)",1.0,70.0
2081,"(21, 62)",1.0,70.0
2082,"(21, 63)",1.0,70.0
2083,"(22, 56)",1.0,70.0
2084,"(23, 54)",1.0,70.0
2085,"(23, 58)",1.0,70.0
2086,"(27, 54)",1.0,70.0
2087,"(46, 50)",1.0,70.0
2088,"(46, 51)",1.0,70.0
2089,"(46, 52)",1.0,70.0
2090,"(46, 53)",1.0,70.0
2091,"(46, 55)",1.0,70.0
2092,"(47, 53)",1.0,70.0
2093,"(49, 49)",1.0,70.0
2094,"(56, 42)",1.0,70.0
2095,"(59, 41)",1.0,70.0
2096,"(61, 41)",1.0,70.0
2097,"(63, 40)",1.0,70.0
2098,"(63, 45)",1.0,70.0
2099,"(64, 37)",1.0,70.0
2100,"(64, 39)",1.0,70.0
2101,"(65, 36)",1.0,70.0
2102,"(65, 47)",1.0,70.0
2103,"(65, 48)",1.0,70.0
2104,"(66, 36)",1.0,70.0
2105,"(67, 35)",1.0,70.0
2106,"(67, 36)",1.0,70.0
2107,"(68, 37)",1.0,70.0
2108,"(69, 34)",1.0,70.0
2109,"(71, 36)",1.0,70.0
2110,"(85, 38)",1.0,70.0
2111,"(85, 39)",1.0,70.0
2112,"(88, 39)",1.0,70.0
2113,"(89, 39)",1.0,70.0
2114,"(92, 40)",1.0,70.0
2115,"(95, 42)",1.0,70.0
2116,"(97, 45)",1.0,70.0
2117,"(97, 46)",1.0,70.0
2118,"(97, 48)",1.0,70.0
2119,"(3, 76)",1.0,71.0
2120,"(3, 78)",1.0,71.0
2121,"(3, 79)",1.0,71.0
2122,"(3, 81)",1.0,71.0
2123,"(4, 78)",1.0,71.0
2124,"(5, 75)",1.0,71.0
2125,"(6, 69)",1.0,71.0
2126,"(6, 70)",1.0,71.0
2127,"(7, 68)",1.0,71.0
2128,"(7, 83)",1.0,71.0
2129,"(8, 65)",1.0,71.0
2130,"(9, 83)",1.0,71.0
2131,"(13, 60)",1.0,71.0
2132,"(14, 59)",1.0,71.0
2133,"(15, 59)",1.0,71.0
2134,"(15, 68)",1.0,71.0
2135,"(18, 58)",1.0,71.0
2136,"(19, 56)",1.0,71.0
2137,"(19, 57)",1.0,71.0
2138,"(22, 53)",1.0,71.0
2139,"(22, 55)",1.0,71.0
2140,"(24, 53)",1.0,71.0
2141,"(26, 53)",1.0,71.0
2142,"(27, 53)",1.0,71.0
2143,"(28, 55)",1.0,71.0
2144,"(45, 50)",1.0,71.0
2145,"(45, 54)",1.0,71.0
2146,"(45, 55)",1.0,71.0
2147,"(46, 49)",1.0,71.0
2148,"(48, 48)",1.0,71.0
2149,"(55, 41)",1.0,71.0
2150,"(56, 41)",1.0,71.0
2151,"(58, 40)",1.0,71.0
2152,"(59, 40)",1.0,71.0
2153,"(60, 40)",1.0,71.0
2154,"(62, 41)",1.0,71.0
2155,"(62, 44)",1.0,71.0
2156,"(63, 37)",1.0,71.0
2157,"(63, 38)",1.0,71.0
2158,"(63, 39)",1.0,71.0
2159,"(64, 38)",1.0,71.0
2160,"(64, 41)",1.0,71.0
2161,"(65, 35)",1.0,71.0
2162,"(66, 48)",1.0,71.0
2163,"(69, 33)",1.0,71.0
2164,"(70, 34)",1.0,71.0
2165,"(72, 37)",1.0,71.0
2166,"(85, 37)",1.0,71.0
2167,"(86, 38)",1.0,71.0
2168,"(90, 39)",1.0,71.0
2169,"(92, 39)",1.0,71.0
2170,"(93, 40)",1.0,71.0
2171,"(94, 41)",1.0,71.0
2172,"(96, 41)",1.0,71.0
2173,"(96, 42)",1.0,71.0
2174,"(98, 44)",1.0,71.0
2175,"(98, 47)",1.0,71.0
2176,"(2, 75)",1.0,72.0
2177,"(2, 76)",1.0,72.0
2178,"(2, 79)",1.0,72.0
2179,"(2, 80)",1.0,72.0
2180,"(2, 81)",1.0,72.0
2181,"(2, 82)",1.0,72.0
2182,"(3, 75)",1.0,72.0
2183,"(3, 82)",1.0,72.0
2184,"(4, 75)",1.0,72.0
2185,"(5, 70)",1.0,72.0
2186,"(6, 74)",1.0,72.0
2187,"(6, 84)",1.0,72.0
2188,"(7, 64)",1.0,72.0
2189,"(7, 65)",1.0,72.0
2190,"(7, 84)",1.0,72.0
2191,"(10, 84)",1.0,72.0
2192,"(12, 59)",1.0,72.0
2193,"(13, 58)",1.0,72.0
2194,"(15, 58)",1.0,72.0
2195,"(16, 58)",1.0,72.0
2196,"(16, 59)",1.0,72.0
2197,"(17, 57)",1.0,72.0
2198,"(17, 58)",1.0,72.0
2199,"(18, 56)",1.0,72.0
2200,"(18, 57)",1.0,72.0
2201,"(19, 55)",1.0,72.0
2202,"(21, 52)",1.0,72.0
2203,"(21, 55)",1.0,72.0
2204,"(23, 52)",1.0,72.0
2205,"(24, 52)",1.0,72.0
2206,"(27, 55)",1.0,72.0
2207,"(28, 54)",1.0,72.0
2208,"(44, 51)",1.0,72.0
2209,"(44, 55)",1.0,72.0
2210,"(45, 53)",1.0,72.0
2211,"(55, 40)",1.0,72.0
2212,"(57, 39)",1.0,72.0
2213,"(57, 41)",1.0,72.0
2214,"(59, 39)",1.0,72.0
2215,"(60, 39)",1.0,72.0
2216,"(62, 36)",1.0,72.0
2217,"(62, 37)",1.0,72.0
2218,"(62, 38)",1.0,72.0
2219,"(62, 40)",1.0,72.0
2220,"(66, 49)",1.0,72.0
2221,"(67, 49)",1.0,72.0
2222,"(68, 32)",1.0,72.0
2223,"(69, 32)",1.0,72.0
2224,"(73, 37)",1.0,72.0
2225,"(86, 36)",1.0,72.0
2226,"(87, 37)",1.0,72.0
2227,"(93, 38)",1.0,72.0
2228,"(93, 39)",1.0,72.0
2229,"(94, 39)",1.0,72.0
2230,"(95, 40)",1.0,72.0
2231,"(95, 41)",1.0,72.0
2232,"(96, 40)",1.0,72.0
2233,"(98, 43)",1.0,72.0
2234,"(98, 46)",1.0,72.0
2235,"(99, 43)",1.0,72.0
2236,"(99, 47)",1.0,72.0
2237,"(1, 75)",1.0,73.0
2238,"(1, 77)",1.0,73.0
2239,"(1, 78)",1.0,73.0
2240,"(1, 80)",1.0,73.0
2241,"(2, 74)",1.0,73.0
2242,"(2, 78)",1.0,73.0
2243,"(4, 70)",1.0,73.0
2244,"(6, 63)",1.0,73.0
2245,"(6, 64)",1.0,73.0
2246,"(6, 65)",1.0,73.0
2247,"(6, 71)",1.0,73.0
2248,"(6, 73)",1.0,73.0
2249,"(6, 85)",1.0,73.0
2250,"(7, 85)",1.0,73.0
2251,"(8, 63)",1.0,73.0
2252,"(8, 64)",1.0,73.0
2253,"(8, 85)",1.0,73.0
2254,"(11, 59)",1.0,73.0
2255,"(12, 58)",1.0,73.0
2256,"(17, 56)",1.0,73.0
2257,"(18, 55)",1.0,73.0
2258,"(20, 51)",1.0,73.0
2259,"(20, 54)",1.0,73.0
2260,"(20, 55)",1.0,73.0
2261,"(21, 51)",1.0,73.0
2262,"(22, 51)",1.0,73.0
2263,"(24, 51)",1.0,73.0
2264,"(25, 51)",1.0,73.0
2265,"(43, 54)",1.0,73.0
2266,"(44, 52)",1.0,73.0
2267,"(45, 52)",1.0,73.0
2268,"(55, 39)",1.0,73.0
2269,"(56, 38)",1.0,73.0
2270,"(61, 35)",1.0,73.0
2271,"(61, 38)",1.0,73.0
2272,"(61, 39)",1.0,73.0
2273,"(61, 40)",1.0,73.0
2274,"(62, 39)",1.0,73.0
2275,"(63, 35)",1.0,73.0
2276,"(67, 32)",1.0,73.0
2277,"(70, 31)",1.0,73.0
2278,"(74, 38)",1.0,73.0
2279,"(87, 35)",1.0,73.0
2280,"(87, 36)",1.0,73.0
2281,"(94, 37)",1.0,73.0
2282,"(94, 40)",1.0,73.0
2283,"(95, 38)",1.0,73.0
2284,"(99, 42)",1.0,73.0
2285,"(99, 46)",1.0,73.0
2286,"(0, 76)",1.0,74.0
2287,"(0, 77)",1.0,74.0
2288,"(0, 78)",1.0,74.0
2289,"(0, 80)",1.0,74.0
2290,"(1, 76)",1.0,74.0
2291,"(2, 73)",1.0,74.0
2292,"(2, 77)",1.0,74.0
2293,"(3, 69)",1.0,74.0
2294,"(3, 73)",1.0,74.0
2295,"(5, 63)",1.0,74.0
2296,"(5, 85)",1.0,74.0
2297,"(6, 72)",1.0,74.0
2298,"(6, 86)",1.0,74.0
2299,"(7, 62)",1.0,74.0
2300,"(7, 63)",1.0,74.0
2301,"(8, 62)",1.0,74.0
2302,"(8, 86)",1.0,74.0
2303,"(9, 62)",1.0,74.0
2304,"(9, 63)",1.0,74.0
2305,"(9, 64)",1.0,74.0
2306,"(9, 86)",1.0,74.0
2307,"(10, 59)",1.0,74.0
2308,"(10, 60)",1.0,74.0
2309,"(11, 58)",1.0,74.0
2310,"(13, 57)",1.0,74.0
2311,"(16, 55)",1.0,74.0
2312,"(17, 54)",1.0,74.0
2313,"(18, 54)",1.0,74.0
2314,"(19, 52)",1.0,74.0
2315,"(19, 53)",1.0,74.0
2316,"(19, 54)",1.0,74.0
2317,"(21, 53)",1.0,74.0
2318,"(23, 51)",1.0,74.0
2319,"(24, 50)",1.0,74.0
2320,"(25, 50)",1.0,74.0
2321,"(26, 50)",1.0,74.0
2322,"(42, 53)",1.0,74.0
2323,"(43, 53)",1.0,74.0
2324,"(54, 39)",1.0,74.0
2325,"(54, 40)",1.0,74.0
2326,"(56, 37)",1.0,74.0
2327,"(56, 39)",1.0,74.0
2328,"(60, 35)",1.0,74.0
2329,"(60, 36)",1.0,74.0
2330,"(60, 37)",1.0,74.0
2331,"(63, 34)",1.0,74.0
2332,"(66, 32)",1.0,74.0
2333,"(67, 33)",1.0,74.0
2334,"(69, 30)",1.0,74.0
2335,"(75, 38)",1.0,74.0
2336,"(88, 35)",1.0,74.0
2337,"(93, 36)",1.0,74.0
2338,"(95, 37)",1.0,74.0
2339,"(96, 37)",1.0,74.0
2340,"(96, 38)",1.0,74.0
2341,"(99, 41)",1.0,74.0
2342,"(2, 69)",1.0,75.0
2343,"(3, 70)",1.0,75.0
2344,"(3, 72)",1.0,75.0
2345,"(4, 72)",1.0,75.0
2346,"(4, 86)",1.0,75.0
2347,"(5, 64)",1.0,75.0
2348,"(5, 86)",1.0,75.0
2349,"(5, 87)",1.0,75.0
2350,"(6, 61)",1.0,75.0
2351,"(7, 61)",1.0,75.0
2352,"(7, 87)",1.0,75.0
2353,"(8, 87)",1.0,75.0
2354,"(9, 58)",1.0,75.0
2355,"(9, 59)",1.0,75.0
2356,"(9, 61)",1.0,75.0
2357,"(10, 57)",1.0,75.0
2358,"(10, 58)",1.0,75.0
2359,"(10, 62)",1.0,75.0
2360,"(10, 86)",1.0,75.0
2361,"(12, 56)",1.0,75.0
2362,"(14, 56)",1.0,75.0
2363,"(17, 53)",1.0,75.0
2364,"(18, 52)",1.0,75.0
2365,"(19, 51)",1.0,75.0
2366,"(23, 49)",1.0,75.0
2367,"(24, 49)",1.0,75.0
2368,"(25, 49)",1.0,75.0
2369,"(26, 49)",1.0,75.0
2370,"(26, 51)",1.0,75.0
2371,"(27, 50)",1.0,75.0
2372,"(27, 51)",1.0,75.0
2373,"(41, 54)",1.0,75.0
2374,"(42, 52)",1.0,75.0
2375,"(42, 54)",1.0,75.0
2376,"(53, 38)",1.0,75.0
2377,"(53, 39)",1.0,75.0
2378,"(55, 36)",1.0,75.0
2379,"(57, 38)",1.0,75.0
2380,"(59, 35)",1.0,75.0
2381,"(59, 36)",1.0,75.0
2382,"(59, 37)",1.0,75.0
2383,"(61, 36)",1.0,75.0
2384,"(67, 34)",1.0,75.0
2385,"(70, 29)",1.0,75.0
2386,"(89, 36)",1.0,75.0
2387,"(92, 35)",1.0,75.0
2388,"(93, 35)",1.0,75.0
2389,"(94, 35)",1.0,75.0
2390,"(97, 37)",1.0,75.0
2391,"(99, 40)",1.0,75.0
2392,"(3, 86)",1.0,76.0
2393,"(4, 85)",1.0,76.0
2394,"(4, 87)",1.0,76.0
2395,"(5, 61)",1.0,76.0
2396,"(6, 60)",1.0,76.0
2397,"(6, 87)",1.0,76.0
2398,"(6, 88)",1.0,76.0
2399,"(7, 60)",1.0,76.0
2400,"(7, 88)",1.0,76.0
2401,"(8, 58)",1.0,76.0
2402,"(8, 60)",1.0,76.0
2403,"(9, 56)",1.0,76.0
2404,"(9, 57)",1.0,76.0
2405,"(9, 88)",1.0,76.0
2406,"(11, 57)",1.0,76.0
2407,"(11, 86)",1.0,76.0
2408,"(12, 57)",1.0,76.0
2409,"(13, 55)",1.0,76.0
2410,"(14, 55)",1.0,76.0
2411,"(18, 50)",1.0,76.0
2412,"(18, 51)",1.0,76.0
2413,"(19, 50)",1.0,76.0
2414,"(23, 48)",1.0,76.0
2415,"(24, 48)",1.0,76.0
2416,"(26, 48)",1.0,76.0
2417,"(28, 50)",1.0,76.0
2418,"(41, 53)",1.0,76.0
2419,"(41, 55)",1.0,76.0
2420,"(54, 37)",1.0,76.0
2421,"(56, 36)",1.0,76.0
2422,"(58, 34)",1.0,76.0
2423,"(58, 37)",1.0,76.0
2424,"(60, 38)",1.0,76.0
2425,"(69, 28)",1.0,76.0
2426,"(71, 28)",1.0,76.0
2427,"(89, 37)",1.0,76.0
2428,"(90, 36)",1.0,76.0
2429,"(91, 35)",1.0,76.0
2430,"(91, 36)",1.0,76.0
2431,"(92, 34)",1.0,76.0
2432,"(95, 34)",1.0,76.0
2433,"(95, 35)",1.0,76.0
2434,"(97, 36)",1.0,76.0
2435,"(98, 40)",1.0,76.0
2436,"(99, 39)",1.0,76.0
2437,"(2, 87)",1.0,77.0
2438,"(3, 88)",1.0,77.0
2439,"(4, 60)",1.0,77.0
2440,"(4, 61)",1.0,77.0
2441,"(4, 84)",1.0,77.0
2442,"(5, 59)",1.0,77.0
2443,"(6, 59)",1.0,77.0
2444,"(7, 57)",1.0,77.0
2445,"(7, 89)",1.0,77.0
2446,"(8, 55)",1.0,77.0
2447,"(8, 56)",1.0,77.0
2448,"(8, 57)",1.0,77.0
2449,"(8, 89)",1.0,77.0
2450,"(11, 87)",1.0,77.0
2451,"(12, 86)",1.0,77.0
2452,"(14, 54)",1.0,77.0
2453,"(17, 49)",1.0,77.0
2454,"(17, 51)",1.0,77.0
2455,"(18, 49)",1.0,77.0
2456,"(19, 49)",1.0,77.0
2457,"(20, 49)",1.0,77.0
2458,"(23, 47)",1.0,77.0
2459,"(24, 47)",1.0,77.0
2460,"(26, 47)",1.0,77.0
2461,"(28, 51)",1.0,77.0
2462,"(29, 50)",1.0,77.0
2463,"(40, 52)",1.0,77.0
2464,"(40, 53)",1.0,77.0
2465,"(53, 36)",1.0,77.0
2466,"(54, 36)",1.0,77.0
2467,"(56, 35)",1.0,77.0
2468,"(57, 33)",1.0,77.0
2469,"(57, 36)",1.0,77.0
2470,"(58, 36)",1.0,77.0
2471,"(68, 27)",1.0,77.0
2472,"(70, 27)",1.0,77.0
2473,"(71, 29)",1.0,77.0
2474,"(72, 28)",1.0,77.0
2475,"(72, 29)",1.0,77.0
2476,"(91, 33)",1.0,77.0
2477,"(91, 34)",1.0,77.0
2478,"(91, 37)",1.0,77.0
2479,"(92, 33)",1.0,77.0
2480,"(94, 33)",1.0,77.0
2481,"(95, 33)",1.0,77.0
2482,"(97, 35)",1.0,77.0
2483,"(98, 37)",1.0,77.0
2484,"(99, 38)",1.0,77.0
2485,"(1, 88)",1.0,78.0
2486,"(3, 59)",1.0,78.0
2487,"(3, 84)",1.0,78.0
2488,"(4, 88)",1.0,78.0
2489,"(4, 89)",1.0,78.0
2490,"(6, 57)",1.0,78.0
2491,"(7, 55)",1.0,78.0
2492,"(7, 56)",1.0,78.0
2493,"(7, 90)",1.0,78.0
2494,"(12, 87)",1.0,78.0
2495,"(12, 88)",1.0,78.0
2496,"(13, 53)",1.0,78.0
2497,"(13, 54)",1.0,78.0
2498,"(13, 86)",1.0,78.0
2499,"(13, 87)",1.0,78.0
2500,"(14, 53)",1.0,78.0
2501,"(16, 48)",1.0,78.0
2502,"(16, 50)",1.0,78.0
2503,"(17, 50)",1.0,78.0
2504,"(18, 48)",1.0,78.0
2505,"(22, 47)",1.0,78.0
2506,"(23, 46)",1.0,78.0
2507,"(25, 46)",1.0,78.0
2508,"(27, 46)",1.0,78.0
2509,"(29, 52)",1.0,78.0
2510,"(30, 50)",1.0,78.0
2511,"(30, 51)",1.0,78.0
2512,"(39, 52)",1.0,78.0
2513,"(39, 54)",1.0,78.0
2514,"(53, 35)",1.0,78.0
2515,"(56, 33)",1.0,78.0
2516,"(57, 32)",1.0,78.0
2517,"(67, 28)",1.0,78.0
2518,"(68, 28)",1.0,78.0
2519,"(70, 30)",1.0,78.0
2520,"(72, 27)",1.0,78.0
2521,"(72, 30)",1.0,78.0
2522,"(73, 29)",1.0,78.0
2523,"(73, 30)",1.0,78.0
2524,"(90, 32)",1.0,78.0
2525,"(91, 38)",1.0,78.0
2526,"(92, 32)",1.0,78.0
2527,"(93, 32)",1.0,78.0
2528,"(93, 33)",1.0,78.0
2529,"(95, 32)",1.0,78.0
2530,"(96, 32)",1.0,78.0
2531,"(96, 33)",1.0,78.0
2532,"(99, 37)",1.0,78.0
2533,"(1, 89)",1.0,79.0
2534,"(2, 58)",1.0,79.0
2535,"(4, 58)",1.0,79.0
2536,"(5, 56)",1.0,79.0
2537,"(5, 57)",1.0,79.0
2538,"(5, 89)",1.0,79.0
2539,"(5, 90)",1.0,79.0
2540,"(6, 56)",1.0,79.0
2541,"(7, 91)",1.0,79.0
2542,"(8, 90)",1.0,79.0
2543,"(8, 91)",1.0,79.0
2544,"(12, 52)",1.0,79.0
2545,"(12, 89)",1.0,79.0
2546,"(13, 88)",1.0,79.0
2547,"(14, 85)",1.0,79.0
2548,"(14, 87)",1.0,79.0
2549,"(14, 88)",1.0,79.0
2550,"(15, 49)",1.0,79.0
2551,"(15, 50)",1.0,79.0
2552,"(16, 47)",1.0,79.0
2553,"(16, 51)",1.0,79.0
2554,"(17, 47)",1.0,79.0
2555,"(17, 48)",1.0,79.0
2556,"(21, 47)",1.0,79.0
2557,"(22, 46)",1.0,79.0
2558,"(24, 45)",1.0,79.0
2559,"(26, 45)",1.0,79.0
2560,"(26, 46)",1.0,79.0
2561,"(28, 45)",1.0,79.0
2562,"(29, 53)",1.0,79.0
2563,"(31, 50)",1.0,79.0
2564,"(38, 51)",1.0,79.0
2565,"(38, 52)",1.0,79.0
2566,"(38, 53)",1.0,79.0
2567,"(38, 54)",1.0,79.0
2568,"(38, 55)",1.0,79.0
2569,"(52, 34)",1.0,79.0
2570,"(57, 31)",1.0,79.0
2571,"(58, 32)",1.0,79.0
2572,"(66, 27)",1.0,79.0
2573,"(67, 29)",1.0,79.0
2574,"(69, 29)",1.0,79.0
2575,"(72, 26)",1.0,79.0
2576,"(72, 31)",1.0,79.0
2577,"(73, 26)",1.0,79.0
2578,"(74, 29)",1.0,79.0
2579,"(74, 30)",1.0,79.0
2580,"(91, 32)",1.0,79.0
2581,"(93, 31)",1.0,79.0
2582,"(94, 31)",1.0,79.0
2583,"(95, 31)",1.0,79.0
2584,"(3, 57)",1.0,80.0
2585,"(3, 58)",1.0,80.0
2586,"(4, 56)",1.0,80.0
2587,"(4, 57)",1.0,80.0
2588,"(4, 91)",1.0,80.0
2589,"(6, 55)",1.0,80.0
2590,"(6, 92)",1.0,80.0
2591,"(8, 92)",1.0,80.0
2592,"(11, 52)",1.0,80.0
2593,"(11, 53)",1.0,80.0
2594,"(13, 51)",1.0,80.0
2595,"(13, 52)",1.0,80.0
2596,"(13, 84)",1.0,80.0
2597,"(14, 49)",1.0,80.0
2598,"(15, 51)",1.0,80.0
2599,"(15, 84)",1.0,80.0
2600,"(15, 87)",1.0,80.0
2601,"(15, 88)",1.0,80.0
2602,"(16, 46)",1.0,80.0
2603,"(20, 47)",1.0,80.0
2604,"(20, 48)",1.0,80.0
2605,"(22, 45)",1.0,80.0
2606,"(23, 44)",1.0,80.0
2607,"(26, 44)",1.0,80.0
2608,"(28, 46)",1.0,80.0
2609,"(30, 53)",1.0,80.0
2610,"(30, 54)",1.0,80.0
2611,"(32, 51)",1.0,80.0
2612,"(37, 52)",1.0,80.0
2613,"(37, 53)",1.0,80.0
2614,"(37, 54)",1.0,80.0
2615,"(37, 55)",1.0,80.0
2616,"(38, 50)",1.0,80.0
2617,"(38, 56)",1.0,80.0
2618,"(51, 34)",1.0,80.0
2619,"(52, 33)",1.0,80.0
2620,"(53, 33)",1.0,80.0
2621,"(57, 30)",1.0,80.0
2622,"(58, 30)",1.0,80.0
2623,"(59, 31)",1.0,80.0
2624,"(59, 32)",1.0,80.0
2625,"(65, 28)",1.0,80.0
2626,"(66, 26)",1.0,80.0
2627,"(66, 28)",1.0,80.0
2628,"(66, 30)",1.0,80.0
2629,"(67, 26)",1.0,80.0
2630,"(68, 30)",1.0,80.0
2631,"(71, 32)",1.0,80.0
2632,"(72, 25)",1.0,80.0
2633,"(72, 32)",1.0,80.0
2634,"(73, 25)",1.0,80.0
2635,"(73, 32)",1.0,80.0
2636,"(74, 26)",1.0,80.0
2637,"(74, 27)",1.0,80.0
2638,"(75, 29)",1.0,80.0
2639,"(94, 30)",1.0,80.0
2640,"(95, 30)",1.0,80.0
2641,"(3, 55)",1.0,81.0
2642,"(3, 56)",1.0,81.0
2643,"(3, 91)",1.0,81.0
2644,"(4, 59)",1.0,81.0
2645,"(4, 92)",1.0,81.0
2646,"(5, 91)",1.0,81.0
2647,"(5, 92)",1.0,81.0
2648,"(6, 54)",1.0,81.0
2649,"(7, 92)",1.0,81.0
2650,"(9, 93)",1.0,81.0
2651,"(10, 52)",1.0,81.0
2652,"(10, 54)",1.0,81.0
2653,"(12, 50)",1.0,81.0
2654,"(12, 84)",1.0,81.0
2655,"(13, 83)",1.0,81.0
2656,"(14, 51)",1.0,81.0
2657,"(14, 83)",1.0,81.0
2658,"(15, 46)",1.0,81.0
2659,"(15, 83)",1.0,81.0
2660,"(16, 83)",1.0,81.0
2661,"(16, 86)",1.0,81.0
2662,"(16, 87)",1.0,81.0
2663,"(16, 88)",1.0,81.0
2664,"(16, 89)",1.0,81.0
2665,"(21, 44)",1.0,81.0
2666,"(22, 44)",1.0,81.0
2667,"(25, 44)",1.0,81.0
2668,"(27, 43)",1.0,81.0
2669,"(28, 47)",1.0,81.0
2670,"(29, 46)",1.0,81.0
2671,"(30, 55)",1.0,81.0
2672,"(36, 55)",1.0,81.0
2673,"(37, 49)",1.0,81.0
2674,"(37, 56)",1.0,81.0
2675,"(39, 49)",1.0,81.0
2676,"(39, 50)",1.0,81.0
2677,"(51, 32)",1.0,81.0
2678,"(52, 32)",1.0,81.0
2679,"(54, 32)",1.0,81.0
2680,"(54, 33)",1.0,81.0
2681,"(56, 29)",1.0,81.0
2682,"(56, 31)",1.0,81.0
2683,"(58, 29)",1.0,81.0
2684,"(59, 29)",1.0,81.0
2685,"(59, 30)",1.0,81.0
2686,"(60, 30)",1.0,81.0
2687,"(60, 32)",1.0,81.0
2688,"(64, 27)",1.0,81.0
2689,"(64, 28)",1.0,81.0
2690,"(64, 29)",1.0,81.0
2691,"(65, 26)",1.0,81.0
2692,"(65, 29)",1.0,81.0
2693,"(66, 25)",1.0,81.0
2694,"(66, 31)",1.0,81.0
2695,"(67, 25)",1.0,81.0
2696,"(67, 30)",1.0,81.0
2697,"(68, 25)",1.0,81.0
2698,"(68, 26)",1.0,81.0
2699,"(71, 24)",1.0,81.0
2700,"(71, 33)",1.0,81.0
2701,"(72, 24)",1.0,81.0
2702,"(72, 33)",1.0,81.0
2703,"(73, 33)",1.0,81.0
2704,"(74, 24)",1.0,81.0
2705,"(74, 32)",1.0,81.0
2706,"(74, 33)",1.0,81.0
2707,"(75, 27)",1.0,81.0
2708,"(76, 30)",1.0,81.0
2709,"(93, 30)",1.0,81.0
2710,"(94, 29)",1.0,81.0
2711,"(95, 29)",1.0,81.0
2712,"(96, 29)",1.0,81.0
2713,"(96, 30)",1.0,81.0
2714,"(2, 55)",1.0,82.0
2715,"(2, 90)",1.0,82.0
2716,"(2, 91)",1.0,82.0
2717,"(2, 92)",1.0,82.0
2718,"(3, 54)",1.0,82.0
2719,"(3, 92)",1.0,82.0
2720,"(4, 54)",1.0,82.0
2721,"(4, 55)",1.0,82.0
2722,"(5, 93)",1.0,82.0
2723,"(7, 53)",1.0,82.0
2724,"(9, 51)",1.0,82.0
2725,"(10, 94)",1.0,82.0
2726,"(11, 54)",1.0,82.0
2727,"(12, 82)",1.0,82.0
2728,"(14, 47)",1.0,82.0
2729,"(14, 82)",1.0,82.0
2730,"(15, 90)",1.0,82.0
2731,"(16, 82)",1.0,82.0
2732,"(16, 90)",1.0,82.0
2733,"(17, 82)",1.0,82.0
2734,"(17, 83)",1.0,82.0
2735,"(17, 84)",1.0,82.0
2736,"(17, 85)",1.0,82.0
2737,"(17, 86)",1.0,82.0
2738,"(17, 87)",1.0,82.0
2739,"(17, 90)",1.0,82.0
2740,"(20, 43)",1.0,82.0
2741,"(25, 43)",1.0,82.0
2742,"(26, 43)",1.0,82.0
2743,"(28, 43)",1.0,82.0
2744,"(28, 44)",1.0,82.0
2745,"(29, 48)",1.0,82.0
2746,"(29, 56)",1.0,82.0
2747,"(30, 45)",1.0,82.0
2748,"(30, 56)",1.0,82.0
2749,"(35, 54)",1.0,82.0
2750,"(35, 55)",1.0,82.0
2751,"(35, 56)",1.0,82.0
2752,"(36, 57)",1.0,82.0
2753,"(37, 48)",1.0,82.0
2754,"(40, 50)",1.0,82.0
2755,"(50, 32)",1.0,82.0
2756,"(51, 33)",1.0,82.0
2757,"(53, 31)",1.0,82.0
2758,"(55, 29)",1.0,82.0
2759,"(55, 33)",1.0,82.0
2760,"(56, 28)",1.0,82.0
2761,"(59, 28)",1.0,82.0
2762,"(60, 31)",1.0,82.0
2763,"(60, 33)",1.0,82.0
2764,"(61, 31)",1.0,82.0
2765,"(63, 26)",1.0,82.0
2766,"(63, 27)",1.0,82.0
2767,"(63, 28)",1.0,82.0
2768,"(64, 26)",1.0,82.0
2769,"(64, 30)",1.0,82.0
2770,"(66, 24)",1.0,82.0
2771,"(68, 24)",1.0,82.0
2772,"(69, 24)",1.0,82.0
2773,"(69, 25)",1.0,82.0
2774,"(71, 23)",1.0,82.0
2775,"(73, 23)",1.0,82.0
2776,"(73, 34)",1.0,82.0
2777,"(75, 23)",1.0,82.0
2778,"(75, 24)",1.0,82.0
2779,"(76, 28)",1.0,82.0
2780,"(76, 31)",1.0,82.0
2781,"(77, 29)",1.0,82.0
2782,"(92, 29)",1.0,82.0
2783,"(94, 28)",1.0,82.0
2784,"(95, 28)",1.0,82.0
2785,"(96, 28)",1.0,82.0
2786,"(97, 30)",1.0,82.0
2787,"(1, 54)",1.0,83.0
2788,"(1, 90)",1.0,83.0
2789,"(1, 92)",1.0,83.0
2790,"(1, 93)",1.0,83.0
2791,"(2, 93)",1.0,83.0
2792,"(3, 89)",1.0,83.0
2793,"(5, 94)",1.0,83.0
2794,"(6, 53)",1.0,83.0
2795,"(6, 94)",1.0,83.0
2796,"(7, 52)",1.0,83.0
2797,"(8, 53)",1.0,83.0
2798,"(9, 52)",1.0,83.0
2799,"(9, 95)",1.0,83.0
2800,"(12, 81)",1.0,83.0
2801,"(13, 81)",1.0,83.0
2802,"(15, 91)",1.0,83.0
2803,"(16, 85)",1.0,83.0
2804,"(16, 91)",1.0,83.0
2805,"(17, 91)",1.0,83.0
2806,"(18, 84)",1.0,83.0
2807,"(18, 85)",1.0,83.0
2808,"(18, 86)",1.0,83.0
2809,"(18, 87)",1.0,83.0
2810,"(18, 90)",1.0,83.0
2811,"(18, 91)",1.0,83.0
2812,"(19, 43)",1.0,83.0
2813,"(20, 42)",1.0,83.0
2814,"(24, 42)",1.0,83.0
2815,"(29, 43)",1.0,83.0
2816,"(29, 44)",1.0,83.0
2817,"(29, 57)",1.0,83.0
2818,"(30, 44)",1.0,83.0
2819,"(30, 49)",1.0,83.0
2820,"(30, 57)",1.0,83.0
2821,"(31, 57)",1.0,83.0
2822,"(34, 53)",1.0,83.0
2823,"(34, 56)",1.0,83.0
2824,"(34, 57)",1.0,83.0
2825,"(35, 53)",1.0,83.0
2826,"(36, 48)",1.0,83.0
2827,"(37, 47)",1.0,83.0
2828,"(37, 58)",1.0,83.0
2829,"(41, 49)",1.0,83.0
2830,"(49, 32)",1.0,83.0
2831,"(49, 33)",1.0,83.0
2832,"(50, 31)",1.0,83.0
2833,"(54, 28)",1.0,83.0
2834,"(54, 30)",1.0,83.0
2835,"(54, 31)",1.0,83.0
2836,"(55, 27)",1.0,83.0
2837,"(55, 34)",1.0,83.0
2838,"(61, 32)",1.0,83.0
2839,"(62, 25)",1.0,83.0
2840,"(62, 28)",1.0,83.0
2841,"(62, 32)",1.0,83.0
2842,"(63, 31)",1.0,83.0
2843,"(66, 23)",1.0,83.0
2844,"(67, 23)",1.0,83.0
2845,"(67, 24)",1.0,83.0
2846,"(68, 23)",1.0,83.0
2847,"(69, 23)",1.0,83.0
2848,"(70, 23)",1.0,83.0
2849,"(71, 22)",1.0,83.0
2850,"(74, 22)",1.0,83.0
2851,"(74, 23)",1.0,83.0
2852,"(74, 35)",1.0,83.0
2853,"(75, 22)",1.0,83.0
2854,"(75, 25)",1.0,83.0
2855,"(76, 27)",1.0,83.0
2856,"(77, 32)",1.0,83.0
2857,"(78, 28)",1.0,83.0
2858,"(91, 29)",1.0,83.0
2859,"(91, 30)",1.0,83.0
2860,"(92, 28)",1.0,83.0
2861,"(92, 30)",1.0,83.0
2862,"(93, 27)",1.0,83.0
2863,"(95, 27)",1.0,83.0
2864,"(0, 53)",1.0,84.0
2865,"(0, 90)",1.0,84.0
2866,"(0, 91)",1.0,84.0
2867,"(0, 93)",1.0,84.0
2868,"(1, 53)",1.0,84.0
2869,"(1, 94)",1.0,84.0
2870,"(3, 94)",1.0,84.0
2871,"(5, 52)",1.0,84.0
2872,"(6, 95)",1.0,84.0
2873,"(7, 51)",1.0,84.0
2874,"(7, 95)",1.0,84.0
2875,"(9, 94)",1.0,84.0
2876,"(9, 96)",1.0,84.0
2877,"(11, 80)",1.0,84.0
2878,"(11, 81)",1.0,84.0
2879,"(13, 80)",1.0,84.0
2880,"(14, 80)",1.0,84.0
2881,"(17, 92)",1.0,84.0
2882,"(18, 43)",1.0,84.0
2883,"(19, 83)",1.0,84.0
2884,"(19, 85)",1.0,84.0
2885,"(19, 87)",1.0,84.0
2886,"(19, 90)",1.0,84.0
2887,"(19, 91)",1.0,84.0
2888,"(20, 41)",1.0,84.0
2889,"(29, 58)",1.0,84.0
2890,"(30, 58)",1.0,84.0
2891,"(31, 44)",1.0,84.0
2892,"(32, 56)",1.0,84.0
2893,"(32, 57)",1.0,84.0
2894,"(32, 58)",1.0,84.0
2895,"(33, 53)",1.0,84.0
2896,"(33, 57)",1.0,84.0
2897,"(34, 52)",1.0,84.0
2898,"(35, 47)",1.0,84.0
2899,"(35, 58)",1.0,84.0
2900,"(36, 58)",1.0,84.0
2901,"(36, 59)",1.0,84.0
2902,"(37, 59)",1.0,84.0
2903,"(41, 50)",1.0,84.0
2904,"(54, 27)",1.0,84.0
2905,"(54, 29)",1.0,84.0
2906,"(61, 29)",1.0,84.0
2907,"(66, 22)",1.0,84.0
2908,"(68, 22)",1.0,84.0
2909,"(72, 21)",1.0,84.0
2910,"(72, 22)",1.0,84.0
2911,"(73, 22)",1.0,84.0
2912,"(73, 35)",1.0,84.0
2913,"(75, 21)",1.0,84.0
2914,"(75, 28)",1.0,84.0
2915,"(76, 25)",1.0,84.0
2916,"(76, 32)",1.0,84.0
2917,"(77, 26)",1.0,84.0
2918,"(77, 31)",1.0,84.0
2919,"(77, 33)",1.0,84.0
2920,"(78, 27)",1.0,84.0
2921,"(78, 31)",1.0,84.0
2922,"(78, 33)",1.0,84.0
2923,"(90, 30)",1.0,84.0
2924,"(91, 27)",1.0,84.0
2925,"(92, 26)",1.0,84.0
2926,"(93, 26)",1.0,84.0
2927,"(95, 26)",1.0,84.0
2928,"(0, 52)",1.0,85.0
2929,"(0, 95)",1.0,85.0
2930,"(1, 95)",1.0,85.0
2931,"(2, 52)",1.0,85.0
2932,"(3, 95)",1.0,85.0
2933,"(4, 51)",1.0,85.0
2934,"(4, 52)",1.0,85.0
2935,"(5, 51)",1.0,85.0
2936,"(5, 96)",1.0,85.0
2937,"(7, 50)",1.0,85.0
2938,"(7, 96)",1.0,85.0
2939,"(8, 96)",1.0,85.0
2940,"(8, 97)",1.0,85.0
2941,"(10, 79)",1.0,85.0
2942,"(10, 96)",1.0,85.0
2943,"(10, 97)",1.0,85.0
2944,"(14, 79)",1.0,85.0
2945,"(14, 81)",1.0,85.0
2946,"(15, 80)",1.0,85.0
2947,"(17, 42)",1.0,85.0
2948,"(19, 86)",1.0,85.0
2949,"(19, 88)",1.0,85.0
2950,"(20, 40)",1.0,85.0
2951,"(20, 83)",1.0,85.0
2952,"(20, 85)",1.0,85.0
2953,"(20, 90)",1.0,85.0
2954,"(20, 91)",1.0,85.0
2955,"(28, 59)",1.0,85.0
2956,"(29, 59)",1.0,85.0
2957,"(31, 43)",1.0,85.0
2958,"(31, 58)",1.0,85.0
2959,"(32, 43)",1.0,85.0
2960,"(32, 53)",1.0,85.0
2961,"(33, 58)",1.0,85.0
2962,"(34, 46)",1.0,85.0
2963,"(34, 51)",1.0,85.0
2964,"(34, 59)",1.0,85.0
2965,"(35, 48)",1.0,85.0
2966,"(35, 51)",1.0,85.0
2967,"(35, 59)",1.0,85.0
2968,"(36, 46)",1.0,85.0
2969,"(36, 60)",1.0,85.0
2970,"(42, 50)",1.0,85.0
2971,"(53, 27)",1.0,85.0
2972,"(53, 28)",1.0,85.0
2973,"(65, 21)",1.0,85.0
2974,"(71, 21)",1.0,85.0
2975,"(75, 20)",1.0,85.0
2976,"(76, 20)",1.0,85.0
2977,"(76, 21)",1.0,85.0
2978,"(76, 34)",1.0,85.0
2979,"(77, 25)",1.0,85.0
2980,"(77, 34)",1.0,85.0
2981,"(78, 25)",1.0,85.0
2982,"(79, 28)",1.0,85.0
2983,"(79, 34)",1.0,85.0
2984,"(89, 29)",1.0,85.0
2985,"(90, 27)",1.0,85.0
2986,"(90, 28)",1.0,85.0
2987,"(90, 29)",1.0,85.0
2988,"(91, 25)",1.0,85.0
2989,"(94, 26)",1.0,85.0
2990,"(96, 25)",1.0,85.0
2991,"(1, 96)",1.0,86.0
2992,"(2, 95)",1.0,86.0
2993,"(2, 96)",1.0,86.0
2994,"(3, 52)",1.0,86.0
2995,"(3, 96)",1.0,86.0
2996,"(4, 50)",1.0,86.0
2997,"(4, 97)",1.0,86.0
2998,"(6, 97)",1.0,86.0
2999,"(7, 49)",1.0,86.0
3000,"(8, 50)",1.0,86.0
3001,"(9, 98)",1.0,86.0
3002,"(11, 79)",1.0,86.0
3003,"(11, 97)",1.0,86.0
3004,"(11, 98)",1.0,86.0
3005,"(13, 79)",1.0,86.0
3006,"(16, 42)",1.0,86.0
3007,"(16, 43)",1.0,86.0
3008,"(19, 39)",1.0,86.0
3009,"(19, 40)",1.0,86.0
3010,"(19, 92)",1.0,86.0
3011,"(20, 89)",1.0,86.0
3012,"(21, 39)",1.0,86.0
3013,"(21, 90)",1.0,86.0
3014,"(21, 91)",1.0,86.0
3015,"(21, 92)",1.0,86.0
3016,"(31, 42)",1.0,86.0
3017,"(32, 42)",1.0,86.0
3018,"(32, 44)",1.0,86.0
3019,"(33, 43)",1.0,86.0
3020,"(33, 44)",1.0,86.0
3021,"(33, 50)",1.0,86.0
3022,"(33, 54)",1.0,86.0
3023,"(34, 45)",1.0,86.0
3024,"(34, 48)",1.0,86.0
3025,"(34, 50)",1.0,86.0
3026,"(35, 45)",1.0,86.0
3027,"(35, 50)",1.0,86.0
3028,"(35, 61)",1.0,86.0
3029,"(36, 45)",1.0,86.0
3030,"(36, 50)",1.0,86.0
3031,"(36, 51)",1.0,86.0
3032,"(37, 61)",1.0,86.0
3033,"(52, 27)",1.0,86.0
3034,"(53, 26)",1.0,86.0
3035,"(64, 20)",1.0,86.0
3036,"(64, 21)",1.0,86.0
3037,"(65, 20)",1.0,86.0
3038,"(71, 20)",1.0,86.0
3039,"(74, 19)",1.0,86.0
3040,"(76, 19)",1.0,86.0
3041,"(76, 22)",1.0,86.0
3042,"(76, 35)",1.0,86.0
3043,"(77, 22)",1.0,86.0
3044,"(77, 24)",1.0,86.0
3045,"(77, 35)",1.0,86.0
3046,"(78, 24)",1.0,86.0
3047,"(80, 27)",1.0,86.0
3048,"(80, 28)",1.0,86.0
3049,"(88, 30)",1.0,86.0
3050,"(89, 27)",1.0,86.0
3051,"(89, 28)",1.0,86.0
3052,"(89, 30)",1.0,86.0
3053,"(91, 24)",1.0,86.0
3054,"(91, 26)",1.0,86.0
3055,"(96, 24)",1.0,86.0
3056,"(0, 97)",1.0,87.0
3057,"(1, 97)",1.0,87.0
3058,"(5, 49)",1.0,87.0
3059,"(5, 98)",1.0,87.0
3060,"(6, 49)",1.0,87.0
3061,"(7, 48)",1.0,87.0
3062,"(8, 48)",1.0,87.0
3063,"(8, 49)",1.0,87.0
3064,"(8, 98)",1.0,87.0
3065,"(9, 49)",1.0,87.0
3066,"(9, 99)",1.0,87.0
3067,"(10, 99)",1.0,87.0
3068,"(11, 99)",1.0,87.0
3069,"(12, 79)",1.0,87.0
3070,"(12, 96)",1.0,87.0
3071,"(12, 99)",1.0,87.0
3072,"(15, 41)",1.0,87.0
3073,"(15, 42)",1.0,87.0
3074,"(15, 44)",1.0,87.0
3075,"(16, 41)",1.0,87.0
3076,"(17, 43)",1.0,87.0
3077,"(18, 38)",1.0,87.0
3078,"(18, 39)",1.0,87.0
3079,"(18, 40)",1.0,87.0
3080,"(18, 93)",1.0,87.0
3081,"(19, 38)",1.0,87.0
3082,"(19, 93)",1.0,87.0
3083,"(20, 38)",1.0,87.0
3084,"(20, 39)",1.0,87.0
3085,"(20, 92)",1.0,87.0
3086,"(21, 88)",1.0,87.0
3087,"(21, 89)",1.0,87.0
3088,"(22, 38)",1.0,87.0
3089,"(30, 41)",1.0,87.0
3090,"(31, 41)",1.0,87.0
3091,"(32, 41)",1.0,87.0
3092,"(32, 45)",1.0,87.0
3093,"(32, 55)",1.0,87.0
3094,"(33, 42)",1.0,87.0
3095,"(35, 44)",1.0,87.0
3096,"(35, 62)",1.0,87.0
3097,"(36, 44)",1.0,87.0
3098,"(36, 52)",1.0,87.0
3099,"(36, 61)",1.0,87.0
3100,"(37, 45)",1.0,87.0
3101,"(37, 60)",1.0,87.0
3102,"(37, 62)",1.0,87.0
3103,"(38, 60)",1.0,87.0
3104,"(51, 28)",1.0,87.0
3105,"(63, 20)",1.0,87.0
3106,"(63, 21)",1.0,87.0
3107,"(64, 19)",1.0,87.0
3108,"(66, 19)",1.0,87.0
3109,"(66, 20)",1.0,87.0
3110,"(66, 21)",1.0,87.0
3111,"(72, 19)",1.0,87.0
3112,"(73, 20)",1.0,87.0
3113,"(75, 18)",1.0,87.0
3114,"(75, 36)",1.0,87.0
3115,"(76, 18)",1.0,87.0
3116,"(76, 36)",1.0,87.0
3117,"(77, 18)",1.0,87.0
3118,"(77, 19)",1.0,87.0
3119,"(77, 23)",1.0,87.0
3120,"(78, 23)",1.0,87.0
3121,"(78, 36)",1.0,87.0
3122,"(79, 29)",1.0,87.0
3123,"(81, 27)",1.0,87.0
3124,"(87, 29)",1.0,87.0
3125,"(88, 31)",1.0,87.0
3126,"(90, 23)",1.0,87.0
3127,"(96, 23)",1.0,87.0
3128,"(1, 98)",1.0,88.0
3129,"(2, 98)",1.0,88.0
3130,"(4, 48)",1.0,88.0
3131,"(5, 48)",1.0,88.0
3132,"(6, 48)",1.0,88.0
3133,"(7, 99)",1.0,88.0
3134,"(8, 47)",1.0,88.0
3135,"(8, 99)",1.0,88.0
3136,"(10, 50)",1.0,88.0
3137,"(14, 41)",1.0,88.0
3138,"(14, 42)",1.0,88.0
3139,"(14, 45)",1.0,88.0
3140,"(17, 39)",1.0,88.0
3141,"(17, 40)",1.0,88.0
3142,"(17, 41)",1.0,88.0
3143,"(18, 94)",1.0,88.0
3144,"(19, 37)",1.0,88.0
3145,"(19, 94)",1.0,88.0
3146,"(20, 37)",1.0,88.0
3147,"(20, 88)",1.0,88.0
3148,"(20, 94)",1.0,88.0
3149,"(21, 37)",1.0,88.0
3150,"(22, 37)",1.0,88.0
3151,"(23, 37)",1.0,88.0
3152,"(23, 39)",1.0,88.0
3153,"(29, 40)",1.0,88.0
3154,"(29, 41)",1.0,88.0
3155,"(31, 40)",1.0,88.0
3156,"(31, 46)",1.0,88.0
3157,"(32, 40)",1.0,88.0
3158,"(32, 46)",1.0,88.0
3159,"(34, 41)",1.0,88.0
3160,"(34, 63)",1.0,88.0
3161,"(35, 63)",1.0,88.0
3162,"(36, 63)",1.0,88.0
3163,"(38, 45)",1.0,88.0
3164,"(38, 61)",1.0,88.0
3165,"(39, 60)",1.0,88.0
3166,"(50, 27)",1.0,88.0
3167,"(50, 29)",1.0,88.0
3168,"(62, 19)",1.0,88.0
3169,"(62, 20)",1.0,88.0
3170,"(62, 21)",1.0,88.0
3171,"(63, 18)",1.0,88.0
3172,"(63, 19)",1.0,88.0
3173,"(65, 18)",1.0,88.0
3174,"(67, 18)",1.0,88.0
3175,"(67, 20)",1.0,88.0
3176,"(73, 19)",1.0,88.0
3177,"(74, 17)",1.0,88.0
3178,"(76, 37)",1.0,88.0
3179,"(77, 17)",1.0,88.0
3180,"(78, 17)",1.0,88.0
3181,"(78, 37)",1.0,88.0
3182,"(79, 22)",1.0,88.0
3183,"(79, 30)",1.0,88.0
3184,"(79, 36)",1.0,88.0
3185,"(79, 37)",1.0,88.0
3186,"(81, 28)",1.0,88.0
3187,"(86, 30)",1.0,88.0
3188,"(87, 28)",1.0,88.0
3189,"(87, 32)",1.0,88.0
3190,"(89, 24)",1.0,88.0
3191,"(90, 22)",1.0,88.0
3192,"(97, 22)",1.0,88.0
3193,"(6, 47)",1.0,89.0
3194,"(6, 99)",1.0,89.0
3195,"(7, 46)",1.0,89.0
3196,"(9, 50)",1.0,89.0
3197,"(10, 49)",1.0,89.0
3198,"(13, 41)",1.0,89.0
3199,"(13, 42)",1.0,89.0
3200,"(13, 43)",1.0,89.0
3201,"(13, 44)",1.0,89.0
3202,"(14, 44)",1.0,89.0
3203,"(15, 43)",1.0,89.0
3204,"(16, 39)",1.0,89.0
3205,"(17, 95)",1.0,89.0
3206,"(18, 95)",1.0,89.0
3207,"(19, 36)",1.0,89.0
3208,"(19, 95)",1.0,89.0
3209,"(21, 93)",1.0,89.0
3210,"(21, 95)",1.0,89.0
3211,"(23, 40)",1.0,89.0
3212,"(24, 36)",1.0,89.0
3213,"(24, 38)",1.0,89.0
3214,"(24, 40)",1.0,89.0
3215,"(28, 39)",1.0,89.0
3216,"(28, 40)",1.0,89.0
3217,"(28, 41)",1.0,89.0
3218,"(31, 47)",1.0,89.0
3219,"(33, 64)",1.0,89.0
3220,"(34, 64)",1.0,89.0
3221,"(37, 64)",1.0,89.0
3222,"(38, 62)",1.0,89.0
3223,"(39, 45)",1.0,89.0
3224,"(39, 46)",1.0,89.0
3225,"(40, 60)",1.0,89.0
3226,"(49, 28)",1.0,89.0
3227,"(50, 28)",1.0,89.0
3228,"(51, 29)",1.0,89.0
3229,"(61, 18)",1.0,89.0
3230,"(61, 21)",1.0,89.0
3231,"(62, 18)",1.0,89.0
3232,"(65, 17)",1.0,89.0
3233,"(66, 17)",1.0,89.0
3234,"(68, 17)",1.0,89.0
3235,"(68, 19)",1.0,89.0
3236,"(73, 16)",1.0,89.0
3237,"(74, 16)",1.0,89.0
3238,"(76, 38)",1.0,89.0
3239,"(77, 38)",1.0,89.0
3240,"(79, 16)",1.0,89.0
3241,"(79, 17)",1.0,89.0
3242,"(79, 38)",1.0,89.0
3243,"(80, 22)",1.0,89.0
3244,"(80, 36)",1.0,89.0
3245,"(82, 29)",1.0,89.0
3246,"(85, 30)",1.0,89.0
3247,"(86, 27)",1.0,89.0
3248,"(86, 31)",1.0,89.0
3249,"(88, 32)",1.0,89.0
3250,"(89, 25)",1.0,89.0
3251,"(91, 21)",1.0,89.0
3252,"(6, 45)",1.0,90.0
3253,"(10, 48)",1.0,90.0
3254,"(11, 48)",1.0,90.0
3255,"(12, 40)",1.0,90.0
3256,"(12, 41)",1.0,90.0
3257,"(12, 43)",1.0,90.0
3258,"(13, 40)",1.0,90.0
3259,"(13, 45)",1.0,90.0
3260,"(17, 96)",1.0,90.0
3261,"(18, 35)",1.0,90.0
3262,"(18, 36)",1.0,90.0
3263,"(18, 96)",1.0,90.0
3264,"(19, 96)",1.0,90.0
3265,"(21, 96)",1.0,90.0
3266,"(22, 95)",1.0,90.0
3267,"(23, 35)",1.0,90.0
3268,"(25, 35)",1.0,90.0
3269,"(27, 38)",1.0,90.0
3270,"(27, 40)",1.0,90.0
3271,"(27, 41)",1.0,90.0
3272,"(33, 63)",1.0,90.0
3273,"(34, 65)",1.0,90.0
3274,"(37, 65)",1.0,90.0
3275,"(38, 44)",1.0,90.0
3276,"(38, 46)",1.0,90.0
3277,"(38, 64)",1.0,90.0
3278,"(39, 62)",1.0,90.0
3279,"(39, 63)",1.0,90.0
3280,"(40, 45)",1.0,90.0
3281,"(40, 46)",1.0,90.0
3282,"(40, 61)",1.0,90.0
3283,"(41, 59)",1.0,90.0
3284,"(41, 60)",1.0,90.0
3285,"(41, 61)",1.0,90.0
3286,"(49, 29)",1.0,90.0
3287,"(50, 30)",1.0,90.0
3288,"(60, 18)",1.0,90.0
3289,"(60, 19)",1.0,90.0
3290,"(60, 21)",1.0,90.0
3291,"(61, 17)",1.0,90.0
3292,"(63, 17)",1.0,90.0
3293,"(65, 16)",1.0,90.0
3294,"(67, 16)",1.0,90.0
3295,"(68, 18)",1.0,90.0
3296,"(69, 19)",1.0,90.0
3297,"(72, 15)",1.0,90.0
3298,"(74, 15)",1.0,90.0
3299,"(78, 38)",1.0,90.0
3300,"(78, 39)",1.0,90.0
3301,"(79, 18)",1.0,90.0
3302,"(79, 21)",1.0,90.0
3303,"(80, 16)",1.0,90.0
3304,"(80, 17)",1.0,90.0
3305,"(80, 38)",1.0,90.0
3306,"(80, 39)",1.0,90.0
3307,"(81, 22)",1.0,90.0
3308,"(81, 30)",1.0,90.0
3309,"(81, 36)",1.0,90.0
3310,"(83, 28)",1.0,90.0
3311,"(85, 26)",1.0,90.0
3312,"(85, 32)",1.0,90.0
3313,"(86, 28)",1.0,90.0
3314,"(87, 27)",1.0,90.0
3315,"(87, 33)",1.0,90.0
3316,"(89, 32)",1.0,90.0
3317,"(92, 20)",1.0,90.0
3318,"(11, 41)",1.0,91.0
3319,"(11, 44)",1.0,91.0
3320,"(12, 39)",1.0,91.0
3321,"(12, 44)",1.0,91.0
3322,"(12, 48)",1.0,91.0
3323,"(14, 39)",1.0,91.0
3324,"(17, 97)",1.0,91.0
3325,"(20, 97)",1.0,91.0
3326,"(22, 34)",1.0,91.0
3327,"(22, 35)",1.0,91.0
3328,"(23, 34)",1.0,91.0
3329,"(25, 36)",1.0,91.0
3330,"(26, 34)",1.0,91.0
3331,"(26, 38)",1.0,91.0
3332,"(26, 39)",1.0,91.0
3333,"(26, 40)",1.0,91.0
3334,"(28, 38)",1.0,91.0
3335,"(32, 64)",1.0,91.0
3336,"(33, 62)",1.0,91.0
3337,"(34, 66)",1.0,91.0
3338,"(35, 65)",1.0,91.0
3339,"(36, 64)",1.0,91.0
3340,"(36, 66)",1.0,91.0
3341,"(38, 43)",1.0,91.0
3342,"(38, 66)",1.0,91.0
3343,"(39, 61)",1.0,91.0
3344,"(39, 65)",1.0,91.0
3345,"(40, 44)",1.0,91.0
3346,"(40, 47)",1.0,91.0
3347,"(40, 58)",1.0,91.0
3348,"(40, 62)",1.0,91.0
3349,"(40, 64)",1.0,91.0
3350,"(41, 44)",1.0,91.0
3351,"(42, 59)",1.0,91.0
3352,"(42, 60)",1.0,91.0
3353,"(48, 28)",1.0,91.0
3354,"(59, 17)",1.0,91.0
3355,"(59, 18)",1.0,91.0
3356,"(59, 19)",1.0,91.0
3357,"(59, 20)",1.0,91.0
3358,"(59, 21)",1.0,91.0
3359,"(60, 20)",1.0,91.0
3360,"(61, 16)",1.0,91.0
3361,"(63, 16)",1.0,91.0
3362,"(68, 15)",1.0,91.0
3363,"(70, 20)",1.0,91.0
3364,"(71, 16)",1.0,91.0
3365,"(74, 14)",1.0,91.0
3366,"(75, 14)",1.0,91.0
3367,"(78, 19)",1.0,91.0
3368,"(79, 39)",1.0,91.0
3369,"(79, 40)",1.0,91.0
3370,"(80, 15)",1.0,91.0
3371,"(80, 20)",1.0,91.0
3372,"(80, 40)",1.0,91.0
3373,"(81, 17)",1.0,91.0
3374,"(81, 23)",1.0,91.0
3375,"(81, 38)",1.0,91.0
3376,"(81, 39)",1.0,91.0
3377,"(82, 22)",1.0,91.0
3378,"(82, 23)",1.0,91.0
3379,"(82, 30)",1.0,91.0
3380,"(82, 35)",1.0,91.0
3381,"(82, 36)",1.0,91.0
3382,"(84, 29)",1.0,91.0
3383,"(84, 31)",1.0,91.0
3384,"(84, 32)",1.0,91.0
3385,"(84, 33)",1.0,91.0
3386,"(85, 27)",1.0,91.0
3387,"(86, 33)",1.0,91.0
3388,"(88, 26)",1.0,91.0
3389,"(88, 27)",1.0,91.0
3390,"(88, 34)",1.0,91.0
3391,"(91, 19)",1.0,91.0
3392,"(91, 20)",1.0,91.0
3393,"(93, 19)",1.0,91.0
3394,"(93, 20)",1.0,91.0
3395,"(10, 44)",1.0,92.0
3396,"(11, 38)",1.0,92.0
3397,"(11, 45)",1.0,92.0
3398,"(12, 45)",1.0,92.0
3399,"(13, 39)",1.0,92.0
3400,"(13, 47)",1.0,92.0
3401,"(18, 98)",1.0,92.0
3402,"(21, 33)",1.0,92.0
3403,"(21, 34)",1.0,92.0
3404,"(21, 97)",1.0,92.0
3405,"(21, 98)",1.0,92.0
3406,"(23, 33)",1.0,92.0
3407,"(25, 38)",1.0,92.0
3408,"(25, 39)",1.0,92.0
3409,"(26, 33)",1.0,92.0
3410,"(26, 37)",1.0,92.0
3411,"(27, 37)",1.0,92.0
3412,"(29, 37)",1.0,92.0
3413,"(34, 61)",1.0,92.0
3414,"(35, 66)",1.0,92.0
3415,"(36, 65)",1.0,92.0
3416,"(36, 67)",1.0,92.0
3417,"(39, 42)",1.0,92.0
3418,"(39, 43)",1.0,92.0
3419,"(39, 48)",1.0,92.0
3420,"(39, 64)",1.0,92.0
3421,"(40, 43)",1.0,92.0
3422,"(40, 63)",1.0,92.0
3423,"(41, 43)",1.0,92.0
3424,"(41, 47)",1.0,92.0
3425,"(41, 63)",1.0,92.0
3426,"(42, 44)",1.0,92.0
3427,"(58, 16)",1.0,92.0
3428,"(58, 17)",1.0,92.0
3429,"(58, 18)",1.0,92.0
3430,"(59, 16)",1.0,92.0
3431,"(60, 15)",1.0,92.0
3432,"(61, 15)",1.0,92.0
3433,"(62, 15)",1.0,92.0
3434,"(67, 14)",1.0,92.0
3435,"(67, 15)",1.0,92.0
3436,"(69, 20)",1.0,92.0
3437,"(70, 17)",1.0,92.0
3438,"(71, 15)",1.0,92.0
3439,"(71, 17)",1.0,92.0
3440,"(76, 13)",1.0,92.0
3441,"(78, 40)",1.0,92.0
3442,"(79, 41)",1.0,92.0
3443,"(80, 24)",1.0,92.0
3444,"(80, 41)",1.0,92.0
3445,"(81, 15)",1.0,92.0
3446,"(81, 16)",1.0,92.0
3447,"(81, 18)",1.0,92.0
3448,"(81, 19)",1.0,92.0
3449,"(81, 34)",1.0,92.0
3450,"(81, 35)",1.0,92.0
3451,"(81, 41)",1.0,92.0
3452,"(82, 18)",1.0,92.0
3453,"(82, 21)",1.0,92.0
3454,"(82, 24)",1.0,92.0
3455,"(82, 31)",1.0,92.0
3456,"(82, 34)",1.0,92.0
3457,"(82, 38)",1.0,92.0
3458,"(82, 39)",1.0,92.0
3459,"(82, 40)",1.0,92.0
3460,"(83, 22)",1.0,92.0
3461,"(83, 32)",1.0,92.0
3462,"(83, 34)",1.0,92.0
3463,"(83, 36)",1.0,92.0
3464,"(84, 28)",1.0,92.0
3465,"(85, 28)",1.0,92.0
3466,"(85, 34)",1.0,92.0
3467,"(86, 32)",1.0,92.0
3468,"(89, 26)",1.0,92.0
3469,"(91, 18)",1.0,92.0
3470,"(92, 18)",1.0,92.0
3471,"(93, 18)",1.0,92.0
3472,"(9, 45)",1.0,93.0
3473,"(10, 39)",1.0,93.0
3474,"(11, 46)",1.0,93.0
3475,"(12, 37)",1.0,93.0
3476,"(12, 38)",1.0,93.0
3477,"(14, 38)",1.0,93.0
3478,"(18, 99)",1.0,93.0
3479,"(20, 33)",1.0,93.0
3480,"(20, 35)",1.0,93.0
3481,"(21, 35)",1.0,93.0
3482,"(21, 99)",1.0,93.0
3483,"(22, 32)",1.0,93.0
3484,"(24, 33)",1.0,93.0
3485,"(24, 37)",1.0,93.0
3486,"(25, 33)",1.0,93.0
3487,"(27, 36)",1.0,93.0
3488,"(28, 36)",1.0,93.0
3489,"(33, 61)",1.0,93.0
3490,"(37, 67)",1.0,93.0
3491,"(40, 41)",1.0,93.0
3492,"(40, 42)",1.0,93.0
3493,"(40, 48)",1.0,93.0
3494,"(42, 47)",1.0,93.0
3495,"(57, 16)",1.0,93.0
3496,"(59, 15)",1.0,93.0
3497,"(62, 14)",1.0,93.0
3498,"(63, 14)",1.0,93.0
3499,"(63, 15)",1.0,93.0
3500,"(67, 13)",1.0,93.0
3501,"(68, 14)",1.0,93.0
3502,"(70, 14)",1.0,93.0
3503,"(70, 18)",1.0,93.0
3504,"(75, 13)",1.0,93.0
3505,"(76, 14)",1.0,93.0
3506,"(81, 25)",1.0,93.0
3507,"(81, 32)",1.0,93.0
3508,"(81, 33)",1.0,93.0
3509,"(81, 42)",1.0,93.0
3510,"(82, 14)",1.0,93.0
3511,"(82, 16)",1.0,93.0
3512,"(82, 17)",1.0,93.0
3513,"(82, 37)",1.0,93.0
3514,"(82, 41)",1.0,93.0
3515,"(83, 19)",1.0,93.0
3516,"(83, 23)",1.0,93.0
3517,"(83, 33)",1.0,93.0
3518,"(83, 39)",1.0,93.0
3519,"(83, 41)",1.0,93.0
3520,"(84, 21)",1.0,93.0
3521,"(84, 23)",1.0,93.0
3522,"(84, 34)",1.0,93.0
3523,"(92, 17)",1.0,93.0
3524,"(93, 17)",1.0,93.0
3525,"(94, 17)",1.0,93.0
3526,"(8, 45)",1.0,94.0
3527,"(10, 45)",1.0,94.0
3528,"(13, 37)",1.0,94.0
3529,"(14, 37)",1.0,94.0
3530,"(17, 99)",1.0,94.0
3531,"(19, 32)",1.0,94.0
3532,"(20, 32)",1.0,94.0
3533,"(20, 34)",1.0,94.0
3534,"(21, 32)",1.0,94.0
3535,"(22, 33)",1.0,94.0
3536,"(24, 34)",1.0,94.0
3537,"(25, 32)",1.0,94.0
3538,"(27, 35)",1.0,94.0
3539,"(28, 35)",1.0,94.0
3540,"(29, 35)",1.0,94.0
3541,"(39, 40)",1.0,94.0
3542,"(39, 41)",1.0,94.0
3543,"(41, 40)",1.0,94.0
3544,"(56, 17)",1.0,94.0
3545,"(57, 15)",1.0,94.0
3546,"(58, 14)",1.0,94.0
3547,"(59, 14)",1.0,94.0
3548,"(64, 13)",1.0,94.0
3549,"(64, 14)",1.0,94.0
3550,"(67, 12)",1.0,94.0
3551,"(68, 12)",1.0,94.0
3552,"(68, 13)",1.0,94.0
3553,"(69, 13)",1.0,94.0
3554,"(69, 14)",1.0,94.0
3555,"(69, 15)",1.0,94.0
3556,"(71, 13)",1.0,94.0
3557,"(77, 15)",1.0,94.0
3558,"(80, 26)",1.0,94.0
3559,"(80, 43)",1.0,94.0
3560,"(81, 13)",1.0,94.0
3561,"(83, 14)",1.0,94.0
3562,"(83, 15)",1.0,94.0
3563,"(83, 18)",1.0,94.0
3564,"(83, 42)",1.0,94.0
3565,"(84, 24)",1.0,94.0
3566,"(84, 40)",1.0,94.0
3567,"(85, 22)",1.0,94.0
3568,"(91, 16)",1.0,94.0
3569,"(92, 16)",1.0,94.0
3570,"(94, 16)",1.0,94.0
3571,"(95, 17)",1.0,94.0
3572,"(7, 45)",1.0,95.0
3573,"(8, 46)",1.0,95.0
3574,"(9, 46)",1.0,95.0
3575,"(12, 36)",1.0,95.0
3576,"(14, 36)",1.0,95.0
3577,"(15, 37)",1.0,95.0
3578,"(19, 33)",1.0,95.0
3579,"(24, 31)",1.0,95.0
3580,"(26, 31)",1.0,95.0
3581,"(29, 34)",1.0,95.0
3582,"(30, 35)",1.0,95.0
3583,"(38, 39)",1.0,95.0
3584,"(39, 39)",1.0,95.0
3585,"(55, 16)",1.0,95.0
3586,"(56, 14)",1.0,95.0
3587,"(60, 13)",1.0,95.0
3588,"(65, 12)",1.0,95.0
3589,"(66, 13)",1.0,95.0
3590,"(67, 11)",1.0,95.0
3591,"(68, 11)",1.0,95.0
3592,"(69, 12)",1.0,95.0
3593,"(70, 13)",1.0,95.0
3594,"(77, 16)",1.0,95.0
3595,"(80, 13)",1.0,95.0
3596,"(80, 44)",1.0,95.0
3597,"(81, 12)",1.0,95.0
3598,"(81, 43)",1.0,95.0
3599,"(83, 25)",1.0,95.0
3600,"(84, 13)",1.0,95.0
3601,"(84, 14)",1.0,95.0
3602,"(84, 41)",1.0,95.0
3603,"(84, 42)",1.0,95.0
3604,"(84, 43)",1.0,95.0
3605,"(86, 23)",1.0,95.0
3606,"(91, 15)",1.0,95.0
3607,"(95, 15)",1.0,95.0
3608,"(95, 16)",1.0,95.0
3609,"(96, 16)",1.0,95.0
3610,"(96, 17)",1.0,95.0
3611,"(11, 35)",1.0,96.0
3612,"(14, 35)",1.0,96.0
3613,"(16, 37)",1.0,96.0
3614,"(18, 33)",1.0,96.0
3615,"(27, 31)",1.0,96.0
3616,"(39, 38)",1.0,96.0
3617,"(40, 38)",1.0,96.0
3618,"(40, 39)",1.0,96.0
3619,"(54, 16)",1.0,96.0
3620,"(55, 13)",1.0,96.0
3621,"(55, 14)",1.0,96.0
3622,"(55, 17)",1.0,96.0
3623,"(56, 13)",1.0,96.0
3624,"(57, 13)",1.0,96.0
3625,"(59, 12)",1.0,96.0
3626,"(60, 12)",1.0,96.0
3627,"(65, 13)",1.0,96.0
3628,"(66, 11)",1.0,96.0
3629,"(68, 10)",1.0,96.0
3630,"(71, 12)",1.0,96.0
3631,"(79, 12)",1.0,96.0
3632,"(79, 13)",1.0,96.0
3633,"(82, 11)",1.0,96.0
3634,"(82, 12)",1.0,96.0
3635,"(82, 26)",1.0,96.0
3636,"(82, 43)",1.0,96.0
3637,"(82, 44)",1.0,96.0
3638,"(83, 12)",1.0,96.0
3639,"(83, 24)",1.0,96.0
3640,"(83, 26)",1.0,96.0
3641,"(84, 15)",1.0,96.0
3642,"(85, 14)",1.0,96.0
3643,"(87, 23)",1.0,96.0
3644,"(94, 14)",1.0,96.0
3645,"(95, 14)",1.0,96.0
3646,"(96, 18)",1.0,96.0
3647,"(97, 15)",1.0,96.0
3648,"(97, 17)",1.0,96.0
3649,"(97, 18)",1.0,96.0
3650,"(10, 34)",1.0,97.0
3651,"(11, 34)",1.0,97.0
3652,"(12, 34)",1.0,97.0
3653,"(13, 34)",1.0,97.0
3654,"(15, 35)",1.0,97.0
3655,"(17, 33)",1.0,97.0
3656,"(18, 34)",1.0,97.0
3657,"(27, 30)",1.0,97.0
3658,"(28, 30)",1.0,97.0
3659,"(38, 37)",1.0,97.0
3660,"(40, 37)",1.0,97.0
3661,"(53, 15)",1.0,97.0
3662,"(53, 17)",1.0,97.0
3663,"(54, 13)",1.0,97.0
3664,"(54, 17)",1.0,97.0
3665,"(56, 12)",1.0,97.0
3666,"(59, 11)",1.0,97.0
3667,"(67, 10)",1.0,97.0
3668,"(69, 9)",1.0,97.0
3669,"(71, 11)",1.0,97.0
3670,"(72, 12)",1.0,97.0
3671,"(78, 14)",1.0,97.0
3672,"(80, 11)",1.0,97.0
3673,"(81, 11)",1.0,97.0
3674,"(82, 10)",1.0,97.0
3675,"(82, 13)",1.0,97.0
3676,"(83, 11)",1.0,97.0
3677,"(84, 25)",1.0,97.0
3678,"(85, 13)",1.0,97.0
3679,"(85, 16)",1.0,97.0
3680,"(86, 14)",1.0,97.0
3681,"(94, 13)",1.0,97.0
3682,"(95, 19)",1.0,97.0
3683,"(96, 13)",1.0,97.0
3684,"(96, 14)",1.0,97.0
3685,"(98, 14)",1.0,97.0
3686,"(98, 17)",1.0,97.0
3687,"(98, 18)",1.0,97.0
3688,"(9, 33)",1.0,98.0
3689,"(9, 35)",1.0,98.0
3690,"(10, 33)",1.0,98.0
3691,"(11, 33)",1.0,98.0
3692,"(13, 33)",1.0,98.0
3693,"(14, 33)",1.0,98.0
3694,"(16, 32)",1.0,98.0
3695,"(16, 33)",1.0,98.0
3696,"(16, 35)",1.0,98.0
3697,"(26, 29)",1.0,98.0
3698,"(27, 29)",1.0,98.0
3699,"(28, 29)",1.0,98.0
3700,"(29, 30)",1.0,98.0
3701,"(29, 31)",1.0,98.0
3702,"(37, 36)",1.0,98.0
3703,"(37, 38)",1.0,98.0
3704,"(39, 36)",1.0,98.0
3705,"(41, 36)",1.0,98.0
3706,"(52, 16)",1.0,98.0
3707,"(53, 12)",1.0,98.0
3708,"(53, 14)",1.0,98.0
3709,"(53, 18)",1.0,98.0
3710,"(54, 18)",1.0,98.0
3711,"(55, 18)",1.0,98.0
3712,"(56, 11)",1.0,98.0
3713,"(58, 11)",1.0,98.0
3714,"(68, 8)",1.0,98.0
3715,"(68, 9)",1.0,98.0
3716,"(69, 8)",1.0,98.0
3717,"(70, 8)",1.0,98.0
3718,"(70, 9)",1.0,98.0
3719,"(70, 10)",1.0,98.0
3720,"(70, 11)",1.0,98.0
3721,"(77, 14)",1.0,98.0
3722,"(80, 10)",1.0,98.0
3723,"(84, 17)",1.0,98.0
3724,"(86, 13)",1.0,98.0
3725,"(86, 15)",1.0,98.0
3726,"(86, 16)",1.0,98.0
3727,"(86, 17)",1.0,98.0
3728,"(87, 15)",1.0,98.0
3729,"(93, 13)",1.0,98.0
3730,"(94, 12)",1.0,98.0
3731,"(96, 12)",1.0,98.0
3732,"(97, 12)",1.0,98.0
3733,"(98, 13)",1.0,98.0
3734,"(8, 32)",1.0,99.0
3735,"(8, 33)",1.0,99.0
3736,"(8, 34)",1.0,99.0
3737,"(9, 32)",1.0,99.0
3738,"(9, 34)",1.0,99.0
3739,"(9, 36)",1.0,99.0
3740,"(10, 36)",1.0,99.0
3741,"(13, 32)",1.0,99.0
3742,"(15, 31)",1.0,99.0
3743,"(15, 32)",1.0,99.0
3744,"(26, 28)",1.0,99.0
3745,"(28, 28)",1.0,99.0
3746,"(29, 28)",1.0,99.0
3747,"(29, 29)",1.0,99.0
3748,"(30, 29)",1.0,99.0
3749,"(30, 30)",1.0,99.0
3750,"(30, 31)",1.0,99.0
3751,"(30, 32)",1.0,99.0
3752,"(36, 36)",1.0,99.0
3753,"(36, 38)",1.0,99.0
3754,"(37, 37)",1.0,99.0
3755,"(38, 35)",1.0,99.0
3756,"(40, 36)",1.0,99.0
3757,"(41, 37)",1.0,99.0
3758,"(42, 35)",1.0,99.0
3759,"(42, 37)",1.0,99.0
3760,"(51, 15)",1.0,99.0
3761,"(51, 17)",1.0,99.0
3762,"(52, 12)",1.0,99.0
3763,"(52, 17)",1.0,99.0
3764,"(52, 18)",1.0,99.0
3765,"(53, 13)",1.0,99.0
3766,"(53, 19)",1.0,99.0
3767,"(54, 11)",1.0,99.0
3768,"(55, 10)",1.0,99.0
3769,"(56, 10)",1.0,99.0
3770,"(57, 11)",1.0,99.0
3771,"(58, 10)",1.0,99.0
3772,"(67, 9)",1.0,99.0
3773,"(68, 7)",1.0,99.0
3774,"(71, 7)",1.0,99.0
3775,"(71, 8)",1.0,99.0
3776,"(71, 9)",1.0,99.0
3777,"(79, 10)",1.0,99.0
3778,"(80, 9)",1.0,99.0
3779,"(85, 18)",1.0,99.0
3780,"(87, 12)",1.0,99.0
3781,"(87, 18)",1.0,99.0
3782,"(97, 11)",1.0,99.0
3783,"(98, 11)",1.0,99.0
3784,"(7, 35)",1.0,100.0
3785,"(8, 31)",1.0,100.0
3786,"(8, 37)",1.0,100.0
3787,"(9, 31)",1.0,100.0
3788,"(10, 37)",1.0,100.0
3789,"(12, 31)",1.0,100.0
3790,"(14, 31)",1.0,100.0
3791,"(16, 30)",1.0,100.0
3792,"(25, 27)",1.0,100.0
3793,"(28, 27)",1.0,100.0
3794,"(29, 27)",1.0,100.0
3795,"(30, 33)",1.0,100.0
3796,"(31, 29)",1.0,100.0
3797,"(31, 30)",1.0,100.0
3798,"(31, 31)",1.0,100.0
3799,"(31, 32)",1.0,100.0
3800,"(31, 33)",1.0,100.0
3801,"(35, 35)",1.0,100.0
3802,"(35, 36)",1.0,100.0
3803,"(35, 38)",1.0,100.0
3804,"(35, 39)",1.0,100.0
3805,"(37, 34)",1.0,100.0
3806,"(37, 35)",1.0,100.0
3807,"(39, 34)",1.0,100.0
3808,"(41, 34)",1.0,100.0
3809,"(41, 35)",1.0,100.0
3810,"(42, 34)",1.0,100.0
3811,"(43, 36)",1.0,100.0
3812,"(51, 12)",1.0,100.0
3813,"(51, 13)",1.0,100.0
3814,"(51, 16)",1.0,100.0
3815,"(51, 18)",1.0,100.0
3816,"(51, 19)",1.0,100.0
3817,"(52, 11)",1.0,100.0
3818,"(52, 13)",1.0,100.0
3819,"(52, 14)",1.0,100.0
3820,"(52, 19)",1.0,100.0
3821,"(52, 20)",1.0,100.0
3822,"(53, 10)",1.0,100.0
3823,"(53, 11)",1.0,100.0
3824,"(53, 20)",1.0,100.0
3825,"(54, 10)",1.0,100.0
3826,"(56, 9)",1.0,100.0
3827,"(68, 6)",1.0,100.0
3828,"(69, 6)",1.0,100.0
3829,"(71, 6)",1.0,100.0
3830,"(72, 7)",1.0,100.0
3831,"(72, 8)",1.0,100.0
3832,"(79, 8)",1.0,100.0
3833,"(81, 8)",1.0,100.0
3834,"(88, 12)",1.0,100.0
3835,"(88, 13)",1.0,100.0
3836,"(96, 10)",1.0,100.0
3837,"(96, 11)",1.0,100.0
3838,"(97, 10)",1.0,100.0
3839,"(98, 10)",1.0,100.0
3840,"(99, 10)",1.0,100.0
